customer_id,first_name,last_name,phone,email,address,city,state,zip,country
380UMWVAG8,Amber,Benson,001-282-430-3124x1124,amber.benson@fake_domain.com,795 Schmidt Lodge,Adamport,DE,38234,IE
HCDEHNUXI3,Raymond,Cox,792-836-5110x0384,raymond.cox@fake_domain.com,063 Bryan Groves,Malonemouth,NV,82990,VE
QLYUL1IDP3,Mario,Collins,7878385267,mario.collins@fake_domain.com,9620 Vanessa Port,South Lee,AR,52181,CM
R2E2N0B5GM,Stephen,Massey,(712)238-5079x3852,stephen.massey@fake_domain.com,06448 Blankenship Fall,Rogersfort,FL,23985,IN
KGJLH1JEA2,Brian,Zavala,001-284-367-6102,brian.zavala@fake_domain.com,886 James Radial Apt. 233,Jamesville,NE,62320,AM
8VVZYNRJXL,James,Hatfield,001-321-538-0748x677,james.hatfield@fake_domain.com,4810 Lane Loop Apt. 065,South Robertville,ID,99336,KH
U4DKD379L0,George,Johnson,683.413.1987x288,george.johnson@fake_domain.com,06225 Ali Highway Apt. 066,East Vanessaport,CT,27767,BE
9FI0E7F47O,Scott,Hunter,+1-503-975-5362x0189,scott.hunter@fake_domain.com,71076 Benjamin Harbors Suite 983,Whitneyville,KS,37767,BS
A25JTYC42E,Patrick,Wright,(243)391-1951x095,patrick.wright@fake_domain.com,028 Elizabeth Vista Apt. 790,Port Aaronchester,ND,90971,BW
C9GZDNE5R3,Karen,Hartman,487.773.6385,karen.hartman@fake_domain.com,119 Scott Burgs,Berrymouth,ND,56163,SR
IOG9UJC9C6,Brianna,Kennedy,816.545.6115x92498,brianna.kennedy@fake_domain.com,45993 Carter Walk,North Denise,AZ,01256,DZ
CXMWU4JPKK,Latoya,Morris,072-691-8547,latoya.morris@fake_domain.com,7981 Cheyenne Springs,Cooperburgh,LA,11313,ML
FKDRUW596H,Sandra,Gregory,956.457.4192x16127,sandra.gregory@fake_domain.com,75113 Garcia Plain Apt. 928,East Andrew,CT,89756,VC
YEEQ0EGUIT,John,Davis,564-132-8532,john.davis@fake_domain.com,448 French Courts,Flemingburgh,PA,52536,MK
29PKB3CNAS,Patrick,Tate,(726)522-3286x27665,patrick.tate@fake_domain.com,5411 Pena Stream Suite 348,Tiffanyshire,MI,84642,LV
PJGBJNE44O,Jamie,Newton,(436)453-1210x817,jamie.newton@fake_domain.com,58636 Cross Stream Apt. 440,Adrianaside,AR,22706,GM
8CE5OXFFFF,Randy,Young,+1-740-928-7517,randy.young@fake_domain.com,9960 Victoria Pine,Hernandezton,WY,78377,VN
MMQ9CH6LNN,Jamie,Watts,(363)863-7003x411,jamie.watts@fake_domain.com,11094 Bailey Divide,Allisonmouth,PA,72960,MH
Z8P6N36GRI,Wendy,Jenkins,861-989-9492x924,wendy.jenkins@fake_domain.com,0071 Joel Center Apt. 368,Port Charles,UT,02712,AL
BYEQPQ224X,Gabrielle,Figueroa,(774)106-7236x8661,gabrielle.figueroa@fake_domain.com,5809 Luna Centers Suite 337,Fuentesland,MS,42951,AF
1WLGTRHG59,Ryan,Campbell,001-592-348-1626x397,ryan.campbell@fake_domain.com,166 Stone Inlet Suite 757,New Deborahberg,NE,68911,SA
LZ41AJY3Z4,Carrie,Jones,610-003-3461x0761,carrie.jones@fake_domain.com,2179 Griffin Overpass,Tiffanytown,IA,29111,CM
PUZ69UMRF4,Dustin,Douglas,001-387-360-9052x283,dustin.douglas@fake_domain.com,74446 Aguilar Mountains Suite 513,North Richard,NV,66714,MN
KKG9DP685R,Phillip,Ross,+1-750-512-0002,phillip.ross@fake_domain.com,368 Mary Haven Suite 025,West Heather,VA,19627,CA
R06WPS78BU,Tracey,Garcia,212-666-2725,tracey.garcia@fake_domain.com,948 Sabrina Oval,Jimmyton,CO,60577,DO
LITI9GHS32,Shawn,Moore,376-330-3546x2026,shawn.moore@fake_domain.com,4316 Williams Creek,Ralphstad,NH,97110,NZ
GAXXR7QI1V,Blake,Chandler,191-280-2121,blake.chandler@fake_domain.com,6743 Teresa Mountains,North Curtis,IN,67905,KP
C5OPT0ZRQM,Charles,Jensen,001-876-499-8173x33832,charles.jensen@fake_domain.com,4913 Harrington Center,East Kayla,MA,95875,HT
L8SGAOCIL3,Neil,Burnett,393.670.4324x30044,neil.burnett@fake_domain.com,2876 Steven Overpass,New Kimberlyborough,VA,90456,TO
94UO1KXMZL,James,Alvarez,+1-363-876-0176x05752,james.alvarez@fake_domain.com,03164 Annette Cape Suite 687,West Jason,MN,80620,GW
TBLV7JW3LM,Luke,Fletcher,155-178-0788x97787,luke.fletcher@fake_domain.com,174 Courtney Viaduct,Hooverfort,LA,32653,UG
YEQ5YRZC4E,Monica,Patterson,569.756.0483x93372,monica.patterson@fake_domain.com,39767 Scott Gardens,East Michelle,OR,50765,AR
5ZN67IIMH4,David,Johnson,(145)708-6809,david.johnson@fake_domain.com,41127 Reynolds Well,Thomasview,KS,53024,LC
KKVJBOFBSD,Adam,Knapp,001-517-170-5700x08685,adam.knapp@fake_domain.com,888 Elizabeth Fall,Tiffanymouth,WY,34982,SM
E95XW49610,Greg,Foley,810.268.2403x4216,greg.foley@fake_domain.com,39249 Richardson Spring,Dunnberg,NV,62707,LI
0JGRKLH5RP,Howard,Turner,+1-610-833-9904,howard.turner@fake_domain.com,66069 Patel Plain Suite 815,Acevedoland,FL,54331,IN
F6NZMK503P,William,White,+1-446-575-0852x7416,william.white@fake_domain.com,8957 Howell Field Apt. 932,Caseyside,IN,63679,SO
87NMX7OOI5,Stephanie,Bowen,001-507-002-8624x47232,stephanie.bowen@fake_domain.com,2600 Hill Roads Suite 891,Williamsfort,CA,22957,LR
EF9FXYL2IO,Catherine,Spencer,167.090.0494,catherine.spencer@fake_domain.com,250 Erik Ford,New Samuelport,GA,51531,MT
PJ8DGAKJFY,Daniel,Turner,(936)635-4154x195,daniel.turner@fake_domain.com,852 Schmitt Court Suite 316,Hannahhaven,IA,89151,SA
9EWKZ6V1QM,Amanda,Harding,+1-688-286-3498x1078,amanda.harding@fake_domain.com,962 Lawrence Well,Marcusberg,WY,96105,PE
9IEA9YFSEI,Patrick,Soto,001-391-207-7155x1577,patrick.soto@fake_domain.com,2962 Anderson Prairie Apt. 837,West Jacqueline,NY,04422,TR
M4IC2OWMQP,Theresa,Martin,+1-455-071-2599x0445,theresa.martin@fake_domain.com,370 Cooper Valleys Apt. 476,West Susan,VA,13017,VU
7084D3IRMY,Rebecca,Hood,+1-038-710-5347,rebecca.hood@fake_domain.com,8315 Moore Turnpike Apt. 371,North Kevinshire,CO,08271,UZ
80LLEJ230X,Justin,Hendricks,962-855-4207x98634,justin.hendricks@fake_domain.com,047 Alyssa Mews,West Alyssa,UT,46905,NE
HBN8O13D8M,Sarah,Obrien,+1-663-224-8785x569,sarah.obrien@fake_domain.com,0964 Martin Burgs,Bakermouth,OH,44646,IR
4G14CFFP3K,Julia,Peterson,609.116.6401x612,julia.peterson@fake_domain.com,1908 Daniel Field,North Jonathanborough,FL,59125,MZ
MWVO8S3C1F,Casey,Gregory,(821)798-0538x56293,casey.gregory@fake_domain.com,1246 Vincent Mall,New Robertbury,UT,18575,GE
DLU5U5SWVE,Richard,Williams,673-786-8341x323,richard.williams@fake_domain.com,72289 Joseph Points,Jessicaton,GA,70581,CF
EV1Y6COB3O,Kyle,Phillips,001-337-123-3075x2151,kyle.phillips@fake_domain.com,08140 Mclean Island,Port Thomas,NC,20059,CR
0SA7ZQ19IF,Tony,Payne,+1-494-719-1918x8417,tony.payne@fake_domain.com,9595 Hunt Cliff Suite 154,East Richard,NV,75663,MG
IA0WOZ7N0R,Kristopher,Villa,8516442759,kristopher.villa@fake_domain.com,21932 David Squares,Curtisburgh,ID,12308,ES
D4HGPA114N,Gloria,Reynolds,(001)867-5636,gloria.reynolds@fake_domain.com,63967 Baker Centers Apt. 428,Larrytown,NM,41294,CI
JM4WZCGJ0R,Brian,Haynes,001-682-600-3581x76959,brian.haynes@fake_domain.com,1606 Joseph Parkway,East Kimberlyfurt,CO,92144,BA
Q9SAQH36TO,Jeffrey,Perez,(934)398-2160,jeffrey.perez@fake_domain.com,813 Luke Lakes Apt. 526,Romerofurt,SC,94715,BI
G1MNQOBIOS,Kaylee,Mckay,6413037285,kaylee.mckay@fake_domain.com,917 Bethany Mall,Lindseyhaven,NM,83353,PT
J8V5KWFUUE,Mark,Mendez,001-692-309-5248,mark.mendez@fake_domain.com,91422 Stewart Expressway,East Teresaview,IN,97379,IS
ZEYO8JW6BI,Frederick,Watson,239.338.1112x64357,frederick.watson@fake_domain.com,744 David Stream Suite 250,West Heatherside,CA,39721,CG
79P97F1OJ6,Kelly,Lynch,001-614-128-4794x911,kelly.lynch@fake_domain.com,537 Marshall Village,North Briana,CT,25551,SV
191RX0LXG2,Donald,Espinoza,+1-182-335-2088x713,donald.espinoza@fake_domain.com,5672 Ross Dam Suite 817,Lake Robertberg,OH,52238,UG
MRBR1VKZ6F,Susan,Rose,343.917.1193x938,susan.rose@fake_domain.com,381 Heather Mountains Apt. 245,West Lisa,CA,41046,CV
J8Y8WLRMRA,William,Perkins,454-414-7331,william.perkins@fake_domain.com,3578 David Harbors Suite 975,Perezberg,AL,20587,KG
N3B9ZIOVD2,Stephanie,West,(988)043-1074,stephanie.west@fake_domain.com,980 Cole Meadows,Thomasstad,MO,04483,IQ
YZA1JQ1YTD,Ashley,Barnes,853.600.4088,ashley.barnes@fake_domain.com,5954 Jeremy Inlet,Rodriguezstad,MD,87758,DO
RPSR5GHU1B,Yolanda,Jenkins,219-672-0040x973,yolanda.jenkins@fake_domain.com,2970 Thompson Port,Wardhaven,CO,61007,NR
KUWVAN3C98,Phillip,Norton,222.909.3595x8267,phillip.norton@fake_domain.com,217 Reed Walks,West Thomas,GA,69571,AU
I1Z7FB5JIA,Krista,Curry,696-150-4766x387,krista.curry@fake_domain.com,359 Newman Coves Apt. 025,South Nicoleside,AR,74034,BS
IJC8432893,Calvin,Haynes,(378)960-9484,calvin.haynes@fake_domain.com,722 Jennifer Forges Apt. 562,Spencerport,WA,63401,SI
2U96RST4AZ,Martin,Bennett,001-638-873-5215,martin.bennett@fake_domain.com,6553 Erika Inlet,West Robert,NC,83208,VE
CGPU7RPIYI,Jamie,Gibson,(019)627-3742,jamie.gibson@fake_domain.com,9098 Susan Squares,South Alecburgh,WY,19687,TH
07CLRDLFGZ,Thomas,Salazar,+1-455-691-1124x6347,thomas.salazar@fake_domain.com,4835 Michael Canyon,Mitchellville,NV,38629,ER
6HH4NU3D1E,Jason,Welch,+1-016-863-3871x48982,jason.welch@fake_domain.com,13143 Darryl Knolls Suite 957,Lindseyborough,AK,21589,TJ
XB5KLDO7PF,Jeffrey,Barnes,711.860.5386x656,jeffrey.barnes@fake_domain.com,47536 Stephanie Spur,Merrittfurt,NE,09488,HN
TE14EVG8PQ,Matthew,Sanchez,873.299.1358,matthew.sanchez@fake_domain.com,926 Thompson Corner Suite 793,West Adamshire,MA,05276,RS
6GIMYV00DY,Christopher,Lowe,(257)496-9427,christopher.lowe@fake_domain.com,05035 Gilbert Keys,Lake Rogerhaven,ND,06179,SB
IYPT2KT2XB,Taylor,Williams,(855)061-2193,taylor.williams@fake_domain.com,82174 Robin Views,Goodmanmouth,CA,87014,SO
H15MKUR37L,Ronnie,Smith,804.779.1215x335,ronnie.smith@fake_domain.com,6201 Johnson Plains Suite 493,Josephton,TX,35250,ZA
SOQU6RL6JD,Jon,Hudson,287.231.2608x0695,jon.hudson@fake_domain.com,0135 Rachel Shoals Suite 216,Laurenchester,NY,20082,SY
L1LA0BFIDL,Diane,Evans,001-682-034-5503x2544,diane.evans@fake_domain.com,94130 Smith Forge Suite 915,Lake Adrian,SD,31660,ES
B4E0XEU9FH,Carolyn,Quinn,166.693.8472,carolyn.quinn@fake_domain.com,75790 James Route Suite 991,Port John,SC,95836,MY
EFY2GPXZ0I,Kevin,Vincent,001-370-983-5527x81144,kevin.vincent@fake_domain.com,08661 Le Street Apt. 365,Lake Gabrielbury,MO,53461,TW
O4K2USN6NK,Keith,Hicks,319-352-7279x678,keith.hicks@fake_domain.com,20386 Becky Radial,New Samuel,CA,43924,IR
81O4M187XM,Christine,Medina,001-840-149-9491x82655,christine.medina@fake_domain.com,086 Ramos Spring Apt. 159,Christopherborough,IL,83389,PE
LWPLMUGM39,Janice,Le,+1-156-561-9285,janice.le@fake_domain.com,325 Kennedy Station,Port Melissa,NC,99696,SL
ZLS8NDYGY0,Briana,Smith,(347)691-8564,briana.smith@fake_domain.com,62680 Amber River,South Johnside,CT,64473,SB
PQNYO55JLY,Frederick,Williams,991.059.7595x86256,frederick.williams@fake_domain.com,939 Robinson Spurs Suite 397,Port Michael,DE,01760,RU
PLI2MP2LCA,Amanda,Hunt,125.018.2581,amanda.hunt@fake_domain.com,48544 Stephen Cliff,North Emily,VA,69707,MZ
QWH18TOWKI,Katie,Farrell,+1-482-986-4578x901,katie.farrell@fake_domain.com,67271 Amber Fork,Lake Jacob,VT,21368,IR
LDL47MH5D5,Peter,Ross,+1-591-615-7220x829,peter.ross@fake_domain.com,856 Herrera Way Suite 265,Jimenezview,OH,79938,CA
HEZHXQJVA2,Heather,Cardenas,(978)693-4637x93868,heather.cardenas@fake_domain.com,9229 Wendy Overpass Apt. 925,Christopherburgh,AZ,84874,TM
EY1KWPBJ5A,Teresa,Ford,(634)380-6464x20270,teresa.ford@fake_domain.com,844 Justin Ranch,Franciscomouth,HI,27443,AD
5UJQSMH9ZK,Kaitlyn,Greer,+1-983-637-3208,kaitlyn.greer@fake_domain.com,644 Joseph Ferry,Davistown,AZ,30491,SZ
MDOPMI6UOV,Jessica,Johnson,045.343.5560,jessica.johnson@fake_domain.com,01459 Ayala Grove Suite 023,West James,PA,67313,DE
H47C31061I,Rhonda,Smith,+1-413-735-4145,rhonda.smith@fake_domain.com,95989 Tiffany Burg,Shawnstad,VA,83644,MV
N7S0OONGRF,James,Gillespie,001-631-607-7963x8768,james.gillespie@fake_domain.com,3676 Samantha Locks,East Peggy,PA,00703,LA
LSD5J1EL2V,Tracy,Mejia,944-056-9979,tracy.mejia@fake_domain.com,51448 Michael Shoal,South Johnfurt,SC,88885,RS
M4FIS0HZMF,Ricky,Rasmussen,(124)071-8595,ricky.rasmussen@fake_domain.com,7788 Smith Ranch,Port Deborah,CT,66619,CL
FT1CUFHUEP,Emma,Williams,644-422-0671x373,emma.williams@fake_domain.com,055 Tyler Expressway,North Spencerview,IA,36522,BJ
7S933Y0U4S,John,Dominguez,+1-501-553-4693x52755,john.dominguez@fake_domain.com,593 Simpson Junctions Apt. 583,Paulfurt,GA,81806,GW
LREZ4WRBW8,Sandra,Parker,001-386-951-2144x80341,sandra.parker@fake_domain.com,3991 Weber Ramp Suite 250,Levibury,MN,51851,MM
S0TMHP6FMI,Robin,Anderson,+1-478-286-2696x047,robin.anderson@fake_domain.com,7722 Jason Wall Suite 255,Lake Davidbury,MA,87456,CZ
TAFAOO2JQB,Nicole,Robinson,474.665.5633x75999,nicole.robinson@fake_domain.com,656 Sandra Cliffs,New Caitlynchester,OK,19834,RU
LS9X7TB40X,Mark,Cummings,+1-710-162-8323,mark.cummings@fake_domain.com,4858 Abbott Trafficway,Rodriguezberg,NY,56373,GN
4GLUCM271I,Elizabeth,Beck,+1-138-196-8724x6662,elizabeth.beck@fake_domain.com,1105 Williams Glens Suite 669,Cynthiahaven,AZ,10324,GQ
A527V3H97F,Sarah,Brennan,(744)107-7151x08390,sarah.brennan@fake_domain.com,63711 Samuel Lane Suite 023,Port Marc,KY,33886,SA
UU9X79JZC0,Lindsey,Fischer,080.212.3414,lindsey.fischer@fake_domain.com,04521 Joseph Garden Apt. 615,Port Lisaland,WY,48713,TH
MQGS43S9JA,Briana,Carter,(684)356-5432,briana.carter@fake_domain.com,97860 Schneider Fall Apt. 595,North Kathleenfort,OK,87553,ET
N43HH2NNOY,Stephanie,Carlson,7218653713,stephanie.carlson@fake_domain.com,32486 Linda Bypass Apt. 752,East Tonyville,GA,15133,ST
67L8M0RYDE,Sara,Mccullough,991.627.0896x6907,sara.mccullough@fake_domain.com,2187 Sergio Inlet Suite 595,West Larrychester,NJ,01546,RU
J613BXKUT1,Gregory,Meyers,7964383065,gregory.meyers@fake_domain.com,39979 Roth Walk,South Jennifer,NM,36109,KR
TZJWG0NB2H,Kevin,Brown,042.616.8922,kevin.brown@fake_domain.com,570 Cervantes Run Apt. 105,Paceton,NE,59507,GR
WONDPBT7UP,John,Bennett,876.975.2427x19612,john.bennett@fake_domain.com,164 David Square Suite 341,Chavezton,FL,04928,CY
7A8PN3SJ6Y,Victoria,Scott,047.314.6943x65440,victoria.scott@fake_domain.com,76376 Michael Forest Suite 567,Port Robert,TN,89241,TG
4UKA0ZCIG0,Brenda,Morgan,001-834-891-1500,brenda.morgan@fake_domain.com,56704 Valdez Bypass Suite 872,Lake Jenniferhaven,TX,02791,TO
U33EGQO9N4,Lori,Velez,150.452.0808x812,lori.velez@fake_domain.com,823 Ferguson Glen,West Juanville,OR,82107,BD
Q4JI26YUEN,John,Foster,001-544-973-9458x905,john.foster@fake_domain.com,275 Patterson Mission,South Christopherport,AL,60783,CD
IX7AZI8M7L,Jeffrey,Scott,342.514.0877,jeffrey.scott@fake_domain.com,67174 Nancy Corners Suite 761,New Scott,MI,02709,BI
FEHB00UGGS,Richard,Brown,281-618-0614x301,richard.brown@fake_domain.com,431 Douglas Greens,Wilsonton,CO,24754,RU
U7ZWBZQ07D,Rachael,Cross,(172)051-5850,rachael.cross@fake_domain.com,952 Alyssa Parkway Suite 402,Justinside,RI,73742,BY
6P44DCZTSU,Samantha,Long,(924)946-2416,samantha.long@fake_domain.com,231 Joseph Pine Suite 707,Port Jonathan,WI,64721,SC
9QHIS5347H,Lisa,Tyler,392-210-4036,lisa.tyler@fake_domain.com,9993 Herman Grove Suite 480,Paulaborough,IA,78779,CD
Z2728J1Q35,Sandra,Williams,145-282-5210x2809,sandra.williams@fake_domain.com,52039 Eddie Drives Suite 691,New Hayley,KY,03072,AF
I9REV1RUV0,Matthew,Martin,012.774.7174,matthew.martin@fake_domain.com,382 Holly Meadow,Lake Monicaland,TX,25455,IE
TJ7HJ0PR82,Kenneth,Taylor,+1-952-818-3785x48569,kenneth.taylor@fake_domain.com,585 Mendez Rue,Joshuaview,NJ,87836,SA
0AC1GPGLZL,John,Salazar,751-239-6550x062,john.salazar@fake_domain.com,8898 Arias Crest Suite 989,Lake Victoriachester,FL,71973,EG
MR7Y0JVNB8,Mary,Benson,739.563.6187,mary.benson@fake_domain.com,967 Ramos Coves,Bradleyfort,AZ,85776,IR
AYPPZ26488,Michael,Powers,040.577.5587x7471,michael.powers@fake_domain.com,3667 Collins Corner,Lake Jason,VA,51324,TO
O6JCPPJTRW,Nicholas,Suarez,(506)180-0196x413,nicholas.suarez@fake_domain.com,938 Donna Lakes Suite 518,East Ericburgh,MI,29291,TD
QN0M6RW5QL,Jared,Parks,788-232-6638x63439,jared.parks@fake_domain.com,061 Stewart Route Apt. 085,New Dennisport,KS,80154,SN
75EA0V96AL,Kayla,Salinas,(699)522-6287x694,kayla.salinas@fake_domain.com,826 Meyer Oval Apt. 546,Russoview,AK,51822,ZM
LZGGQFF20O,David,Wright,(668)372-0292x011,david.wright@fake_domain.com,1561 Christopher Plains Suite 711,North Michael,AL,21808,GB
PIZ0NXCQ9C,Debra,Rogers,178.396.1170,debra.rogers@fake_domain.com,50810 Joseph Mission Suite 047,Lake Timothy,MA,77772,EE
H6NCS5OQDY,Marcus,Newman,+1-788-246-3487x8661,marcus.newman@fake_domain.com,81833 Julie Curve Suite 882,Glennstad,NH,64208,MN
UDGZFBFSQ6,Anthony,Mcknight,001-689-834-9540x3277,anthony.mcknight@fake_domain.com,511 Raymond Common Suite 549,Patricialand,MS,24071,MR
O05JQPQ8TQ,Austin,Perez,+1-420-965-9389x50830,austin.perez@fake_domain.com,426 Davis Plaza,Watsonside,IL,76635,BJ
NTH17K59IU,David,Compton,6064290447,david.compton@fake_domain.com,5960 Daniel Rapid,South Nicholas,IN,94980,VE
XAGBVUH0XO,Karen,Vasquez,3976539219,karen.vasquez@fake_domain.com,6055 Torres Islands Suite 791,Michaelland,AK,59944,AM
RXA5KRWZQT,Michael,Bowers,585.876.0556,michael.bowers@fake_domain.com,38748 Ryan Row,North Aliciamouth,MD,33140,MV
MD7EVE6PXY,Katie,Powell,925.294.9705x85392,katie.powell@fake_domain.com,2842 Michael Neck,Huffmanbury,AZ,91448,BI
SRXZZLKVUX,Sandra,Diaz,824-000-1552x695,sandra.diaz@fake_domain.com,068 Morris Viaduct Suite 261,Poncemouth,IL,37208,LV
75KDXAVIX0,Dominic,Wright,445-141-9526,dominic.wright@fake_domain.com,791 Jenkins Radial,Haynesborough,OK,22054,NA
7JTE1ZGDRY,Amber,Woods,188.098.3163x968,amber.woods@fake_domain.com,43967 Kelly Harbor Apt. 818,Morrisshire,IA,62374,MK
MGM1JZJUS6,Christopher,Guzman,816-595-1174,christopher.guzman@fake_domain.com,62949 Chloe Junctions Apt. 855,Lake Leah,NY,54226,LY
09DK890FQB,Jessica,Valdez,715-798-8168x93843,jessica.valdez@fake_domain.com,84317 Paul Island Suite 984,Millerview,MN,98814,IN
XL2XED2YVI,Karen,Stout,(500)384-1613x6269,karen.stout@fake_domain.com,80754 Morgan Gardens Suite 868,Whiteview,OH,38933,MT
78HMR4JJJ3,Elizabeth,Mcknight,909-393-7526x579,elizabeth.mcknight@fake_domain.com,60359 Timothy Wall Apt. 904,Lake Victoria,KY,47102,CZ
HGZ2WWEUJI,Kathy,Horton,+1-331-275-0932,kathy.horton@fake_domain.com,9915 Morris Mission Apt. 791,Lake Juan,OK,48477,MN
ULZXB6EYDA,Joseph,Gordon,+1-821-467-3275x64430,joseph.gordon@fake_domain.com,21630 Beverly Plaza,Christineside,NY,45161,CI
QS265P8HM6,Shaun,Aguirre,308-599-3546x6145,shaun.aguirre@fake_domain.com,7284 Diaz Courts Suite 082,Turnerville,NV,43364,CR
FF9YXNUQTL,Christopher,Jones,001-073-415-0278x015,christopher.jones@fake_domain.com,10413 Theresa Keys Suite 933,Carterview,FL,10132,GT
VPXFGV2ZQQ,David,Gomez,+1-189-024-8193x33092,david.gomez@fake_domain.com,0162 Banks Course,Schultzmouth,NJ,00745,IR
L7KMLEPHF0,Brent,Cook,+1-759-487-9259x403,brent.cook@fake_domain.com,4185 Davis Lodge Suite 607,Deborahhaven,ME,71365,MY
XDDUB5N1XB,Nathan,Taylor,389.836.8494,nathan.taylor@fake_domain.com,263 Sandra Square Apt. 887,Port Adamchester,WY,02509,TH
1NBU9K0ERN,Deborah,Dawson,(212)355-2231x0763,deborah.dawson@fake_domain.com,795 Sherry Shore,North Timothy,DE,15099,MX
5O4D7KZYOD,Justin,Higgins,(911)848-4490x8052,justin.higgins@fake_domain.com,7500 Mills Islands Suite 684,West Frankmouth,GA,16258,SZ
BLIG048YEU,Tommy,Nelson,307-415-2739,tommy.nelson@fake_domain.com,38731 Rogers Way,East Ethanberg,NJ,98085,FM
OOC15BIEPN,Dylan,Chaney,077-611-4408x1989,dylan.chaney@fake_domain.com,0167 Dawn Turnpike Apt. 445,Rangelton,VT,73716,LY
9FV24OB3YR,Cory,White,+1-655-725-8306x263,cory.white@fake_domain.com,81792 Michael Court,Hopkinsside,KY,31378,AM
BROEDS7IO2,Anthony,Rogers,(090)128-2691,anthony.rogers@fake_domain.com,8451 John Trace,Rodgersberg,NY,14933,OM
OMA3ST7YPY,Yolanda,Morales,(471)511-2360,yolanda.morales@fake_domain.com,51718 Michael Valley,Emilyville,SD,70908,NA
2NVWA8ZYWO,Katherine,Cruz,4261245692,katherine.cruz@fake_domain.com,924 Stanley Field Suite 790,Johnberg,WA,09259,DE
XU4J4QP1JP,Jason,Lawrence,+1-320-496-7451,jason.lawrence@fake_domain.com,807 Delgado Circles Apt. 160,Port Andrewburgh,CO,51976,HR
B27LES29AI,Lisa,Turner,001-870-270-1282x71694,lisa.turner@fake_domain.com,7633 Michelle Harbors Apt. 487,North Erica,AL,07233,CA
IWNAAUTZG1,Jackie,Hernandez,170.625.7597x2946,jackie.hernandez@fake_domain.com,7761 Jennings Shores,Danielmouth,DC,71039,GM
7SRKAHBJ9Y,Ryan,Payne,+1-042-082-3576x962,ryan.payne@fake_domain.com,298 Jennifer Islands,West Michael,MS,79093,CD
ZF9CSVTSFW,Jeffery,Bryant,(767)645-9498,jeffery.bryant@fake_domain.com,56716 Boone Fields Apt. 281,Mariafort,FL,97357,SM
2VVLESC1FA,Laurie,Watson,(863)768-8520x4928,laurie.watson@fake_domain.com,5561 William Prairie Apt. 316,New James,IL,92861,UG
O2HZKQIN94,Laura,Reynolds,655-207-8056x57904,laura.reynolds@fake_domain.com,2473 Cunningham Ridges Suite 879,Zacharyborough,MN,01228,GR
K653V4YEXM,David,Jenkins,(817)999-0057x7749,david.jenkins@fake_domain.com,982 Karen Divide Suite 324,Ashleyburgh,HI,01029,BY
Z15FVB5AZ7,Rachel,Hensley,889-020-1549,rachel.hensley@fake_domain.com,800 Stewart Villages,Bakershire,NE,86911,ES
EVJGXO2JE3,Amy,Ramirez,(861)232-9425,amy.ramirez@fake_domain.com,685 Jessica Cliff Apt. 583,North Vanessastad,CO,54945,BH
0CLRQ1LX43,Amy,Weiss,669.592.8178x92865,amy.weiss@fake_domain.com,385 Micheal Rapid,Madisonborough,TX,78485,MC
WQIADI1S2N,Joe,Salazar,001-395-510-2853x611,joe.salazar@fake_domain.com,425 Olivia Club,Kellyland,MO,26097,CG
W9ZP5ZIKMQ,Heidi,Hahn,+1-689-070-5061x45023,heidi.hahn@fake_domain.com,378 Lynn Junction Apt. 828,Carriebury,IN,68402,SM
HUVJ0N347Q,John,Mitchell,+1-099-828-4844x58481,john.mitchell@fake_domain.com,1265 Johnson Circle Apt. 784,East Maryview,SD,13633,VN
IKEFGU3IVL,Crystal,Wright,1721528384,crystal.wright@fake_domain.com,71652 Edwards Drive,Stevenmouth,CA,24493,LC
HBC35SDTHI,Maria,Hanson,404.078.2469,maria.hanson@fake_domain.com,304 Brooks Meadow,North Clinton,GA,80157,PA
FVOU2BLRQC,Andrea,Randolph,350-271-4260,andrea.randolph@fake_domain.com,915 Leonard Rapids Apt. 614,Lake Leetown,CT,84702,MU
3JOEXAB9E8,Anne,Grimes,3941099662,anne.grimes@fake_domain.com,0338 Hunter Corner,Sarahburgh,VT,49256,TL
BV9YB1QQ22,Jeffrey,Day,696.795.3564,jeffrey.day@fake_domain.com,1792 Pierce Manors Apt. 867,Andrewtown,PA,62708,MR
60W2A9WZCH,Crystal,Watkins,001-733-751-1810x11825,crystal.watkins@fake_domain.com,80238 Jerry View,East Troyshire,MD,59408,HU
UGFF3AGC0Y,Dale,Hooper,463-199-1786,dale.hooper@fake_domain.com,0644 Justin Alley,Ramirezland,SD,67589,PT
LTZB12STFF,Charles,Wu,4395986932,charles.wu@fake_domain.com,07789 Brown Knolls,Jenniferbury,AK,91886,PW
O23XQAFP5B,Jamie,Cunningham,519-744-4887,jamie.cunningham@fake_domain.com,239 Lane Stream,East Sheliaberg,OK,56535,SR
5S7TQOMAEC,Christopher,Case,(196)003-7354,christopher.case@fake_domain.com,47663 Conrad Prairie Suite 725,North Mathew,DE,98056,AE
YEMV9KV8Y9,Yolanda,Obrien,204-847-8848x084,yolanda.obrien@fake_domain.com,897 Crystal Dale Apt. 685,Gravesview,TX,39484,SK
KT5P4XHYC8,Matthew,Foster,001-555-627-5969x8796,matthew.foster@fake_domain.com,5002 Hector Garden,Kristineville,VA,39387,CN
V8GSY0HGJB,Timothy,Mccormick,(432)438-2760,timothy.mccormick@fake_domain.com,82241 Melissa Ferry,West Tammy,ME,37688,GW
VPCOA4FZUK,Kendra,Madden,111-854-5161,kendra.madden@fake_domain.com,12829 Alexander River,Danielfurt,AZ,67401,VA
Q049O5G5NI,Melinda,Friedman,001-655-519-5019x4440,melinda.friedman@fake_domain.com,6748 Scott Ridge Apt. 181,Wendyfurt,MI,63093,WS
QMYPRWU142,Patricia,Parks,7790133389,patricia.parks@fake_domain.com,2778 Murphy Center,Marshallside,WI,93282,GW
RW4OBEDUJ7,John,Gonzalez,6344319644,john.gonzalez@fake_domain.com,6667 Shepherd Ferry,Port Bethmouth,VA,83906,TL
QY6SFKB0N7,Stephanie,Johnston,852.874.5798x75484,stephanie.johnston@fake_domain.com,5729 Park Squares Apt. 967,Deannabury,KY,19543,TZ
CLH9536OCM,Michael,White,(540)227-0722,michael.white@fake_domain.com,25361 Bailey Gateway Apt. 053,Martinmouth,VA,43285,OM
KODO0WIY85,Jordan,Williams,693.303.1552,jordan.williams@fake_domain.com,65016 Savannah Terrace Suite 045,South Tammy,KY,48941,CZ
K15CUKFP0U,Adam,Martinez,1493343557,adam.martinez@fake_domain.com,7423 James Neck Apt. 831,Saratown,NC,83868,MW
VB2Y4ZFHFU,Christopher,Gilmore,001-966-043-8210x0684,christopher.gilmore@fake_domain.com,60028 Short Branch Apt. 683,Haasmouth,ME,88361,MV
P8IACHEA70,Colleen,Weeks,260.341.8339,colleen.weeks@fake_domain.com,41799 Andrea Flats Apt. 357,Walkertown,WV,40984,MK
3Z59HLXYA1,Howard,Jones,(521)918-4111,howard.jones@fake_domain.com,302 Jamie Court Suite 819,Port Michaelville,VT,45696,TD
Q2V4XM2JQL,Alicia,White,(111)943-5676x707,alicia.white@fake_domain.com,148 Rodney Ways,South David,MI,03221,FR
GLHCG325FM,Melissa,Gates,001-029-214-5701x365,melissa.gates@fake_domain.com,814 John Valley Suite 929,South Thomas,OK,78570,AL
LBTFYG9CBC,Brian,Underwood,818.437.3467,brian.underwood@fake_domain.com,39207 Leah Road Apt. 021,South David,MA,83175,ET
20TN95WA52,Adam,Snow,(901)204-4959x0821,adam.snow@fake_domain.com,6587 Ruiz Corners,Lake Joseph,WI,48735,PE
3XVHJ8A7TL,Thomas,Brown,423-167-0974,thomas.brown@fake_domain.com,911 Hopkins Valleys Apt. 740,Bonnieport,DC,02256,IT
6XPRYDUFLB,Joseph,Carlson,964-480-4557x354,joseph.carlson@fake_domain.com,15377 Wade Views,South Jennifer,VT,20859,CM
UBX5XMO9P9,Timothy,Scott,+1-266-114-1478x998,timothy.scott@fake_domain.com,82656 Devin Haven,South Deborahland,TX,18320,BR
TX9ES3W16H,Steven,Smith,788-984-7189,steven.smith@fake_domain.com,980 Eileen Causeway Suite 284,Natalietown,WV,22305,NG
1EZE99BNQ5,Christopher,Andrews,001-923-885-8903x82411,christopher.andrews@fake_domain.com,3254 Smith Walk Suite 028,Walkerfort,AZ,44509,KP
91L3CO52SA,Scott,Cortez,(415)837-8823x5920,scott.cortez@fake_domain.com,63679 Adams Greens Suite 396,East Danielside,CA,98139,PG
ZG4PLEIEPG,Steve,White,888-896-0690x5157,steve.white@fake_domain.com,801 Gallegos Unions,North Michaelville,WV,12086,BN
RFID2U4QLU,Anna,Willis,(301)125-4044,anna.willis@fake_domain.com,761 Abigail Stream,Smithstad,CO,14584,NI
PDACDUW9R7,Kimberly,Lewis,+1-329-076-3689,kimberly.lewis@fake_domain.com,41800 Jasmine Walk,New Kristinhaven,ME,70348,GR
LTLUIII6SK,Antonio,Contreras,293.972.1448x3122,antonio.contreras@fake_domain.com,89961 Connie Plaza Suite 004,Lake Allentown,ME,33927,HT
HGESIZ9985,Nicholas,Taylor,001-559-674-2330,nicholas.taylor@fake_domain.com,3832 Sean Lodge Apt. 060,New Mariamouth,NM,73039,MZ
X60JCMZCPF,Stephanie,Woods,(543)829-2210,stephanie.woods@fake_domain.com,503 Payne Stream,New Briannaview,MO,97918,BR
YJ9DDH4M55,Jeff,Peters,+1-716-976-7464x6910,jeff.peters@fake_domain.com,860 Debra Divide,Hannahport,AK,37342,LB
4DE0JW3LW2,Bobby,Hernandez,381.210.3546x26384,bobby.hernandez@fake_domain.com,773 Andrea Causeway Suite 349,Elizabethview,OK,45911,GR
ULRKSLNA8Z,Bruce,Rogers,001-355-835-9686x785,bruce.rogers@fake_domain.com,8672 Gilbert Forks Suite 875,Jenniferport,NJ,84345,AZ
8L5A949VRJ,Tracy,Phillips,225-768-0686x28914,tracy.phillips@fake_domain.com,2851 Crystal Points Apt. 096,Butlerborough,ME,97055,SD
N334H530FL,Justin,Miller,(833)833-4901,justin.miller@fake_domain.com,018 Cole Courts,North Kellyport,WA,34265,SO
HMMC92FNYM,Kristen,Allen,001-316-463-1556x16814,kristen.allen@fake_domain.com,08736 Smith Dam,Kristinamouth,ND,60911,KH
V8HXCDCQUM,Peter,Brown,(547)650-4244x482,peter.brown@fake_domain.com,83035 Carmen Cliff Suite 658,Andrewshire,IA,54570,SO
ZV9EQXTNZX,Christina,Hernandez,+1-310-357-8229,christina.hernandez@fake_domain.com,269 White Lane,New Tiffany,TN,50288,VC
98ISEDXVV7,Amy,Carter,199.379.5952x929,amy.carter@fake_domain.com,501 Howe River Suite 987,Lawrencetown,NC,21301,AT
4HU8U8JU53,Francisco,Austin,2402772339,francisco.austin@fake_domain.com,507 Ashley Stream,West Edward,OR,51319,CD
ZNEKFZ94FA,Lisa,Caldwell,001-751-796-0365,lisa.caldwell@fake_domain.com,913 Nicole Trail Apt. 430,East Meghantown,VT,69002,DJ
1KRU5V3L54,Alyssa,Hill,+1-856-967-3163x3560,alyssa.hill@fake_domain.com,7651 Crane Plaza Apt. 829,Jonesbury,KY,51160,BB
UJB0PQTT2I,Samuel,Carpenter,(767)499-0798x921,samuel.carpenter@fake_domain.com,06681 Joseph Burgs Apt. 124,Lake Laurenland,KY,61026,EC
F7I9G9VBSZ,Kevin,Crawford,138-551-1827x6581,kevin.crawford@fake_domain.com,577 Alex Light,Littlechester,NM,67639,HU
XM8MF5J8NI,Kylie,Beasley,(269)758-2916,kylie.beasley@fake_domain.com,2597 Jeffrey Junction,Lake Aprilstad,HI,44333,GB
51OLEA4NYR,Amanda,Rowland,(693)836-9133x89683,amanda.rowland@fake_domain.com,015 Williams Burgs Suite 321,South Saraview,IA,56843,LI
PNFI5WEGMW,Angela,Bryan,697-102-9866x1538,angela.bryan@fake_domain.com,3572 Alan Freeway,East Steventown,WY,47240,SK
PXWRG4ADJ6,Caleb,Norris,139.277.9954x06577,caleb.norris@fake_domain.com,5456 Andrew Stravenue,Rojasmouth,MN,11478,AU
5W6R9C8TPB,Maria,Allen,2870158615,maria.allen@fake_domain.com,4669 Marshall Ridges Suite 611,New Andrewchester,MO,18556,VE
28UWLOQU4P,Christina,Farmer,(821)948-4231,christina.farmer@fake_domain.com,2443 Louis Path,Mccormickberg,WV,65696,DM
SZYEFUKLSG,Catherine,Davis,3430237188,catherine.davis@fake_domain.com,942 Bradford Ferry,New Julie,VT,03183,LY
63D2JI1U23,Cory,Scott,119.598.1505x35315,cory.scott@fake_domain.com,7043 Hannah Port,Nguyenstad,MA,06934,CF
FSG6JL36ZU,Alexis,Smith,001-800-756-1218,alexis.smith@fake_domain.com,396 Johnson Station Suite 174,Isaachaven,MT,11367,US
COTRWTLT9G,Kenneth,Bartlett,620.280.7348x07774,kenneth.bartlett@fake_domain.com,86766 Jesus Park Apt. 208,New Lauren,IL,71143,BF
VBIQ7N59N4,Melissa,Bailey,712.972.0764,melissa.bailey@fake_domain.com,98639 Smith Squares,Gregoryburgh,MI,27734,CU
TSNC47F63K,Richard,Cooley,001-997-411-2495x8040,richard.cooley@fake_domain.com,3049 Jessica Mall Apt. 777,Stevensfort,VT,11578,LI
L1P8SG9FH7,Megan,Aguirre,001-980-596-2048x5855,megan.aguirre@fake_domain.com,635 Lindsey Glens,New Steven,GA,46863,VA
3X5QKAZGXH,Mary,Evans,924.022.1059x054,mary.evans@fake_domain.com,03412 Hughes Course,New Joseph,DC,29365,MZ
VHDYXIALA1,Shirley,Stevenson,688-889-4495,shirley.stevenson@fake_domain.com,6710 Moore Ford,Lake Alexandraport,RI,02821,TH
S9G4QGQG3Y,Justin,Knight,+1-657-756-2674x58568,justin.knight@fake_domain.com,9707 Tracy Oval,Lake Timothyfurt,AZ,65262,VE
0XSIP035ED,Jacqueline,Murphy,+1-958-181-7349x3596,jacqueline.murphy@fake_domain.com,40600 Park Throughway,Martinside,MA,22741,IS
3FFH52B1WE,Cynthia,Romero,+1-225-617-0542x642,cynthia.romero@fake_domain.com,095 Moyer Fields,East Katie,IN,88806,VE
WFXK3YEZQ7,Stephanie,Brown,342-732-4136,stephanie.brown@fake_domain.com,02810 Baldwin Roads,Port Zacharyville,MS,85066,GH
3TYYF5MFZH,Eric,Davila,001-854-535-0305x4609,eric.davila@fake_domain.com,701 Kimberly Orchard Suite 852,Maryside,RI,30834,KI
KX0AG9WGH2,Keith,Andrews,666-242-0730x178,keith.andrews@fake_domain.com,784 James Lane,Gordonshire,WI,58770,IS
8P76KRJ68R,John,Cohen,+1-646-181-7034x435,john.cohen@fake_domain.com,92415 Megan Neck,Spencerville,NJ,16571,IN
8SACK64J71,Heather,Walls,001-701-232-8673,heather.walls@fake_domain.com,985 Calderon Drives,West Johnport,MT,39633,BN
TD5JO2Q0UU,Mary,Powell,302-865-4033x7620,mary.powell@fake_domain.com,980 Whitaker Union Apt. 041,Ayalaton,NY,48230,KE
EEOKS99Y6R,Reginald,Dunn,657-477-2487x6467,reginald.dunn@fake_domain.com,671 Angela Ports Apt. 922,West Karenmouth,HI,98105,ER
M1CWKFY75A,Lisa,Brewer,325-390-9138,lisa.brewer@fake_domain.com,57182 Megan Cliffs,South Robertview,AL,21564,MY
70H8VHTO5M,Joshua,Butler,(974)708-3644x35953,joshua.butler@fake_domain.com,66561 Anderson Valley,Dianatown,NH,48728,MH
E68ASNNOBU,Scott,Delgado,674.881.7830x8148,scott.delgado@fake_domain.com,42002 Snyder Mews Suite 316,East Kathleen,NE,93676,SZ
ZN0FDZU6LF,Robert,Calderon,701-484-2455x522,robert.calderon@fake_domain.com,43142 Randall Mountains,Leonardmouth,MS,77372,AZ
7JDEQ57CBT,Carrie,Henry,001-707-931-1778x5245,carrie.henry@fake_domain.com,888 Christopher Extension Suite 056,South Cynthia,TX,41902,CM
AO0YTU0GO3,Vanessa,Cherry,(638)894-0696,vanessa.cherry@fake_domain.com,784 Peter Trace Suite 694,Chelseymouth,MO,91086,KP
BZVKNAN4GC,Valerie,Barrera,+1-401-019-3905x354,valerie.barrera@fake_domain.com,2696 Jacob Point,East Rhonda,MI,73307,SN
Z8P8A5SXDH,Brandon,Walls,895-445-3676,brandon.walls@fake_domain.com,0746 Michael Coves,South Lindaville,KY,74211,MD
GV4KIGIXN5,Kimberly,Davis,908.405.3501x669,kimberly.davis@fake_domain.com,3498 Claudia Inlet Suite 168,Lorimouth,OH,94696,IR
R72JHQ0RCH,Brandon,Maynard,001-615-484-9182x160,brandon.maynard@fake_domain.com,829 Garcia Club Apt. 415,New Timothyborough,AK,65753,BN
FTVVTCRGZP,Amy,Merritt,823-344-3655,amy.merritt@fake_domain.com,35552 Sandra Station,Lake Fredton,MA,24535,MY
NLHQSFU6Z6,Kimberly,Jones,001-559-328-8519x153,kimberly.jones@fake_domain.com,6658 Angela Island Apt. 762,Andreaport,OR,39946,JO
3SHKUQCHP2,Barbara,Cervantes,+1-382-257-0973x9194,barbara.cervantes@fake_domain.com,21886 Sanchez Flats,Bensonberg,VT,16860,CU
U6GZ4QHCAP,Richard,Bridges,(782)314-1217,richard.bridges@fake_domain.com,37641 Tammy Pine Suite 816,Daviston,UT,19959,TO
LR1SIO46WA,Sydney,Wheeler,378.867.1406,sydney.wheeler@fake_domain.com,011 Foster Views,Port Katherineland,VA,26248,ST
XBBZVSJP4X,Isabella,Houston,001-319-730-2557x33789,isabella.houston@fake_domain.com,60480 Obrien Landing,Lake Hector,NE,97995,MX
52IUZDU5XW,Anthony,Gill,(523)125-3660x9476,anthony.gill@fake_domain.com,6266 Darrell Viaduct,Lake Anna,KY,89930,PE
Q3EHI6QQLL,Paul,Griffin,773.852.7128,paul.griffin@fake_domain.com,0056 James Ville,Lake Victoriafort,MT,47309,GM
HRB8UTA3CY,Brent,Gonzalez,+1-815-554-9770x457,brent.gonzalez@fake_domain.com,76041 Rodriguez Station,Whitemouth,MN,86351,GE
O1876EYEJ8,Brenda,Park,513-267-5054,brenda.park@fake_domain.com,370 Maxwell Cliff,Frenchmouth,NM,81595,MV
7K0DPQ9Z13,Cameron,Jordan,618-913-8117x8056,cameron.jordan@fake_domain.com,408 Perkins Ports Apt. 498,Katieberg,CO,29512,CG
0OC726I5VC,Christopher,Wong,+1-476-657-8030x11777,christopher.wong@fake_domain.com,48765 Krista Rest Apt. 359,South Davidfort,TX,70872,PL
7ENH2VZ6AJ,Michael,Banks,(352)800-7541,michael.banks@fake_domain.com,36101 Jeffrey Club,Younghaven,AZ,11816,LY
SO1HAALNLH,Elizabeth,Ellison,001-620-616-9577x193,elizabeth.ellison@fake_domain.com,872 Lauren Pike,South Jacksonmouth,SD,79125,MU
CQQ8C2VG4G,Alicia,Mckinney,0359405019,alicia.mckinney@fake_domain.com,7648 Diana Fords Apt. 952,Smithport,GA,14749,AM
A8195344SY,Ivan,Newton,+1-752-993-5720x4770,ivan.newton@fake_domain.com,55812 Timothy Glens Apt. 360,Bethanyview,TN,11832,GR
TE4R2T3Y24,Charles,Wilson,+1-799-033-1696x1709,charles.wilson@fake_domain.com,605 White Corners Apt. 200,North Marytown,CA,58363,DZ
OTGC34J4BI,Julie,Roberson,(190)126-4051x447,julie.roberson@fake_domain.com,887 Doris Tunnel Suite 006,Port Virginiaside,HI,15758,BT
8GBD57JBM1,Tristan,Bennett,+1-777-633-2108,tristan.bennett@fake_domain.com,2193 Ortiz Greens Apt. 530,Swansonhaven,FL,27725,UG
H5XDYHUS8J,Connie,Morris,001-816-800-6420x2157,connie.morris@fake_domain.com,25500 Peter Lodge Apt. 924,Lake Lisachester,CT,37765,DK
F3R9ZVEWCR,Katie,Huff,(346)482-6326x8219,katie.huff@fake_domain.com,268 Ortiz Rest Apt. 861,South Aaron,CO,37865,LT
6MTR9KFL6Q,Scott,Lane,+1-097-926-2705x3981,scott.lane@fake_domain.com,4639 Owens Isle,Lopezberg,OR,74759,EE
Y8R9YYDMC5,Barbara,Perez,001-253-753-3896x586,barbara.perez@fake_domain.com,27500 Martin Inlet Apt. 358,Simmonshaven,ID,15606,LB
Y8YA32816N,Gary,Jacobson,(752)664-0661x33092,gary.jacobson@fake_domain.com,735 Jacob Haven,Briannaport,NV,12407,CA
JEILBAQKWA,Phillip,Kim,(586)610-3232x9941,phillip.kim@fake_domain.com,10276 Benson Locks,Georgehaven,IN,49292,MK
1H99THV9XZ,Paul,Gomez,(696)643-1660x32358,paul.gomez@fake_domain.com,0910 Shelton Orchard Suite 666,New Sandra,MT,34363,AF
E84GNA7OBD,Kendra,Cannon,506-960-3326x79867,kendra.cannon@fake_domain.com,486 Schultz Estate,West Victoria,TX,47858,TR
ELAEBJK44J,Bryan,Rodriguez,(146)643-6235,bryan.rodriguez@fake_domain.com,52950 Cox Radial,West Jillianland,NC,15649,GR
K43LWS9DSD,Rebecca,Evans,858.858.4837x90425,rebecca.evans@fake_domain.com,4026 Donald Lakes Suite 247,Gordonfurt,NM,64054,FM
GZWCWEPGFP,Haley,Hicks,2460682997,haley.hicks@fake_domain.com,6399 Thompson Ranch,Johnsonshire,WV,93409,SO
3V3Y9S7NDQ,Mark,Smith,(026)431-3156,mark.smith@fake_domain.com,388 Susan Junctions Suite 050,West Nathantown,CA,84379,ES
ZS1YPRTS6O,Sydney,Richardson,001-870-318-4525x223,sydney.richardson@fake_domain.com,2815 Jose Cliffs Apt. 940,Aliciabury,MO,54382,DK
TZZ0ATRCBO,Derek,Li,910.085.8940x73586,derek.li@fake_domain.com,50890 Jones Stream,West Tracybury,AR,56230,MD
IX1SIG64OG,Crystal,Walker,110.152.0411x565,crystal.walker@fake_domain.com,77283 Latasha Expressway,Paulfort,ND,56080,LB
QC1H2VQMY5,Cole,Friedman,001-263-242-9298,cole.friedman@fake_domain.com,4621 Morgan Fall Suite 780,Trantown,UT,94207,DJ
TOKFDZ3SXM,Ricky,Palmer,+1-197-813-0428,ricky.palmer@fake_domain.com,4732 Nicole Court,Jackberg,MN,93742,GA
DRL3I82HPU,Whitney,Garcia,677-472-8610,whitney.garcia@fake_domain.com,3682 Manning Course,Schwartzmouth,AZ,49236,SD
BZ0LFDS4ZI,Ronald,Allen,001-071-930-5174x39386,ronald.allen@fake_domain.com,970 Garcia Lake Suite 426,East Anthony,LA,10164,CU
JHOCF4GGOE,Marc,Garcia,+1-460-945-2354x937,marc.garcia@fake_domain.com,2223 Meghan Harbor,Port Michaelmouth,OR,89714,TR
L5DX3SETO8,Julie,Brown,313.058.6225x7714,julie.brown@fake_domain.com,43719 Meyer Lights Apt. 997,Jonathanfurt,OK,83438,AR
K8JM04MDUK,Jeffrey,Morgan,(326)272-2524x271,jeffrey.morgan@fake_domain.com,16520 Perez Ridges Apt. 830,North Moniqueton,MI,02013,GR
YJZ8OIQ719,Jason,Phillips,001-299-358-5058x5484,jason.phillips@fake_domain.com,12156 Roberts Crossing,Port Chad,AL,68688,NA
HFD188HHXH,Margaret,Kim,001-618-225-7564x359,margaret.kim@fake_domain.com,6345 Griffith Grove,Johnborough,DC,20622,AR
KI3SMYFMZF,Glen,Crawford,+1-956-906-9384x602,glen.crawford@fake_domain.com,893 Javier Fork Apt. 317,Millerport,AL,73337,IS
ZVGKTE7XND,Lawrence,Ray,744-938-7172x4180,lawrence.ray@fake_domain.com,036 Bradshaw Trail,East Samantha,TN,11240,BS
8SZ76JX178,Amanda,Daniels,023.133.3752,amanda.daniels@fake_domain.com,325 Amanda Plaza,East Joshua,OK,61580,ZA
6OX3YZRFPK,Shawn,West,(235)139-0448x87974,shawn.west@fake_domain.com,85582 Wong Forest Suite 475,Port Kristastad,MI,63964,GY
QN82WRVCY3,Danielle,Ramos,(836)200-1744x484,danielle.ramos@fake_domain.com,0415 Matthew Union Suite 030,East Vincentton,UT,36679,TL
2RTKMROPF4,Julie,Vaughan,001-963-404-4027x01569,julie.vaughan@fake_domain.com,22007 Kevin Mountains Apt. 245,Lake Ann,OK,43822,NZ
9YNO1XLUA1,Robert,Johnson,+1-453-954-9265x06148,robert.johnson@fake_domain.com,7354 Elizabeth Canyon Apt. 203,North Jeffrey,ME,97782,LI
GQLRM6NT3Y,Theresa,Martinez,5965747855,theresa.martinez@fake_domain.com,8249 Robert Dale,Port Tammyfurt,MA,94459,SD
2CFV3F0XN0,Michael,Miller,001-925-813-5046,michael.miller@fake_domain.com,02189 Rebecca Circle,New Mariahland,WY,90375,GE
H7JAT64W55,Grace,Beck,+1-269-778-9377x21103,grace.beck@fake_domain.com,69697 Anderson Trail,Obrienborough,GA,32200,SV
2FLTN5M90S,Ethan,Martinez,(189)876-7299x2481,ethan.martinez@fake_domain.com,117 Raymond Gateway Apt. 047,East Stephanieburgh,IA,49099,GW
6JO34AILKU,Paul,Lara,0215534806,paul.lara@fake_domain.com,32862 Andrew Camp,East Ronald,NH,18821,CR
1U8Q97OEX8,Matthew,Robbins,(008)646-2230,matthew.robbins@fake_domain.com,527 Samuel Extensions,Caitlintown,MA,66702,KE
D7Q0ZXUNAT,Shannon,Gonzalez,(985)761-8576x8775,shannon.gonzalez@fake_domain.com,111 Thompson Garden Suite 677,Chavezshire,PA,08371,BH
XZFOZVPB0D,Randy,Brown,(483)567-8360x670,randy.brown@fake_domain.com,346 Gibson Orchard Apt. 672,Lake Sarah,CO,83901,SO
8R4THKCB9W,Sarah,Moreno,001-906-289-6899x495,sarah.moreno@fake_domain.com,131 Joseph Green,Jennifershire,OK,83563,TW
PDJ9HN7IUF,Christopher,Wilson,(000)489-8219x55514,christopher.wilson@fake_domain.com,9605 Daniel Common Apt. 411,New Kimberly,NM,99892,BT
BU85ZH2LLB,Jessica,Short,346-722-0610x64412,jessica.short@fake_domain.com,4119 Molly Isle Apt. 039,Nicolasburgh,OK,78324,VE
C9UHYGMGX8,Eric,Guerra,346-405-8653x66194,eric.guerra@fake_domain.com,98272 Hood Extensions Apt. 406,Josephland,TN,77448,MK
09Y7THW630,Kayla,Price,001-157-759-7714x09991,kayla.price@fake_domain.com,53958 James Fork,Lake Richard,MD,90139,PS
CWNPJ8IX6P,Tiffany,Johnson,(751)646-5734x7275,tiffany.johnson@fake_domain.com,7804 Smith Heights Apt. 602,Lake Danielborough,CA,79895,UG
9IRBG8P2EW,Eric,Morton,693-543-0396x032,eric.morton@fake_domain.com,6563 Sandra Run Suite 287,Aguilarberg,UT,77322,UY
ARWBKCH9WX,Jacob,Norman,653-341-7300x91030,jacob.norman@fake_domain.com,68239 Dorsey Points Apt. 268,South Brandonville,WA,65801,GM
7PT6L13DN2,Emily,Morgan,400.987.1659,emily.morgan@fake_domain.com,78399 Anthony Lights Suite 214,Griffinland,KS,90192,SM
1IJQR1MEEG,Catherine,Martinez,001-292-953-9093x1901,catherine.martinez@fake_domain.com,997 Harrison Corner,Justinside,IL,28210,TH
P3AI8086NI,Jonathan,Robertson,627.347.5976,jonathan.robertson@fake_domain.com,57851 Jesse Crossroad Apt. 905,Thompsonfurt,RI,38497,BB
CJVAP67JNJ,Shelly,Lopez,3541238388,shelly.lopez@fake_domain.com,2039 John Inlet,West Tiffanyfort,WA,90208,LA
4ACMEMAXYX,Lisa,Harrison,+1-788-726-7156,lisa.harrison@fake_domain.com,5871 Roberts Village,Adrianburgh,SD,74873,KM
X4UYFSVS82,Stephen,Travis,550.499.2189,stephen.travis@fake_domain.com,0557 Gonzales Light,Georgefort,CA,00762,SK
VH5NJEKR57,Melinda,Durham,001-308-792-8264x69429,melinda.durham@fake_domain.com,851 Martin Oval,East Jameston,MA,82114,SK
KF7XL0CW1N,Elizabeth,Cooper,381-263-6604,elizabeth.cooper@fake_domain.com,4914 Daniel Trail,North Amy,ND,48217,NR
I517M69E50,Rebecca,Hess,001-509-142-7949,rebecca.hess@fake_domain.com,463 Henry Glen Suite 693,New John,LA,29772,TO
SCXHVIBQ2T,Allen,Kennedy,(973)020-5874,allen.kennedy@fake_domain.com,538 Johnson Landing,North John,MA,38480,GT
HDHRB3EPLD,Dawn,Parker,815-453-1116x2629,dawn.parker@fake_domain.com,13144 Kristin Neck,Quinntown,PA,29138,IR
BQRWFQBAC2,Austin,Anderson,001-148-656-7297x17613,austin.anderson@fake_domain.com,544 Jones Plains,Adamsberg,SD,99319,CA
F0FFCZRHRI,Darius,Williams,(502)108-1509x125,darius.williams@fake_domain.com,88946 Jerry View,Wendyberg,ID,24131,GB
CH3RC5AHKB,Carrie,Cordova,(577)503-7747x1064,carrie.cordova@fake_domain.com,268 Douglas Throughway,Gonzalezburgh,GA,37700,LT
Y4KVLRY4HA,Amanda,Lee,(617)697-7829,amanda.lee@fake_domain.com,420 Carter Trafficway Suite 680,North Crystalview,CA,49824,AL
Y33Z0A3LF4,Tony,Powers,123-541-6073x54584,tony.powers@fake_domain.com,6017 Jason Avenue Apt. 407,Lake Valerie,MO,78917,MR
BK8E5BGUG9,Jeff,Tyler,001-494-125-3992,jeff.tyler@fake_domain.com,0945 Blackburn Lane,West Ashleyshire,CO,89113,HR
1X4423D91Y,Scott,Johnson,259-971-9095,scott.johnson@fake_domain.com,9281 Tonya Greens,Crystalchester,AZ,56731,NG
30X4VY8SEE,Robert,Knox,736-802-5799,robert.knox@fake_domain.com,27016 Jacob Harbor,Danielview,IA,55631,LY
N41Q5U5N92,Anthony,Bond,5851994506,anthony.bond@fake_domain.com,365 Nicholson Turnpike,Lake Lori,NV,85812,SI
FHY300P0OM,Cathy,Hines,+1-388-549-0847x967,cathy.hines@fake_domain.com,3198 George Dale Apt. 112,Jamesside,WV,29511,VC
IA8FM778LA,Bonnie,Mack,161-148-1697x38396,bonnie.mack@fake_domain.com,36255 Allen Dam,Port Tim,CO,46163,HN
RLMFQSM4KR,Douglas,King,(235)735-7624x25600,douglas.king@fake_domain.com,794 Aaron Falls Suite 182,Nelsonberg,SC,97427,SZ
1EQUXF306C,Andrew,Garcia,+1-260-906-0725,andrew.garcia@fake_domain.com,4231 Justin Valleys Suite 850,Lake Austinshire,WV,74968,US
QTVU5RUCID,Lacey,Johnson,(891)876-2380,lacey.johnson@fake_domain.com,3142 Bruce Light,North Corey,CT,51546,CY
N39DR5AJRF,Samantha,Wright,(987)367-4328x2604,samantha.wright@fake_domain.com,32920 Burke Valleys,Georgeberg,MT,35057,NP
8XHRA8VY0K,Cassandra,Martinez,+1-662-434-5347x87721,cassandra.martinez@fake_domain.com,689 Lori Vista,West Arthur,MS,09272,BT
SIY8ML9BLG,Kristi,Garcia,5649623665,kristi.garcia@fake_domain.com,0597 Michael Track Apt. 668,Anthonyberg,AK,25360,CL
NJZXJP7C38,Andrea,Peters,001-883-071-3845,andrea.peters@fake_domain.com,44576 Lindsey Way,Alexanderhaven,MI,36625,EC
KJ5IUXZD9T,Jean,Cooper,(557)744-8762x945,jean.cooper@fake_domain.com,4318 Kevin Lane Suite 831,South Matthewbury,KS,09486,LY
TFDD6CMXHK,Tyler,Anderson,352-635-2667x8699,tyler.anderson@fake_domain.com,279 Whitney Vista,North Cynthia,PA,48334,RW
19VKIKW6BL,Pamela,Shaw,407.723.3135,pamela.shaw@fake_domain.com,546 George Drive Suite 687,Johnnybury,CA,58033,DZ
N672PI6O55,Jessica,Davis,889-708-6364x47759,jessica.davis@fake_domain.com,8234 Mark Corner,Brownmouth,OK,89644,TT
3GG2U3JRJY,Kelly,Wolfe,958.255.8142,kelly.wolfe@fake_domain.com,906 David Plains Suite 948,Lake Robertoport,HI,94724,ID
IB2I920IFI,Robert,Steele,001-174-467-6544x449,robert.steele@fake_domain.com,427 Lopez Groves,Steveland,IN,79636,CZ
YO1XUR9LCB,Travis,Garrett,(551)409-7006x510,travis.garrett@fake_domain.com,5999 Rivera Springs,Jenniferburgh,WY,92367,LV
8NY1YDGNT0,Tracy,Guerrero,7989993470,tracy.guerrero@fake_domain.com,930 Martinez Ford,Annaberg,OK,14995,BN
RF124W015B,Christopher,Wade,001-018-757-8709x2528,christopher.wade@fake_domain.com,1710 Robinson Wall Apt. 806,West Jennifer,TN,48961,CD
BLCP042TOX,Lance,Wood,956-896-9980x348,lance.wood@fake_domain.com,84107 Amy Islands,Dakotatown,NE,09938,SC
SQ24SC0YR2,Brittany,Wang,635-370-1578x7810,brittany.wang@fake_domain.com,4728 Smith Mills Suite 063,Hermanburgh,SD,42763,BJ
Z5LXYA5S3S,Samantha,Kirby,864.044.1935x8986,samantha.kirby@fake_domain.com,3194 William Prairie Apt. 539,Paynestad,MD,39184,CN
RKTMV0UONN,Philip,Moyer,564.483.1822x821,philip.moyer@fake_domain.com,333 Roger Unions Suite 531,Vaughanton,RI,44908,BR
7CTPASJ3IZ,Kristin,Pena,+1-392-833-4018x041,kristin.pena@fake_domain.com,45857 Jessica Corner,East Michael,ND,05889,LY
KPLZRH5L6S,Angela,Henry,003.786.6684,angela.henry@fake_domain.com,618 Jonathan Forks,East Patricia,LA,11971,HN
F1JRWW4ZEU,Richard,Hernandez,5271216320,richard.hernandez@fake_domain.com,629 Renee Corners Apt. 065,North Perry,ND,59768,AR
4Z74NNU02A,Joseph,Gregory,140-466-2003,joseph.gregory@fake_domain.com,782 Fisher Corner,Contrerasfurt,MD,87336,TZ
1EJOAA3WK3,Dennis,Meadows,(271)271-3862,dennis.meadows@fake_domain.com,2553 Shaw Plains Suite 615,Taramouth,NC,95038,LS
EWY4H7B6O2,Jennifer,Patterson,434-748-5101,jennifer.patterson@fake_domain.com,984 Shane Gardens Apt. 839,North Danielstad,MD,87017,GW
XCVCPRMN0H,Samuel,Contreras,+1-400-336-3683x886,samuel.contreras@fake_domain.com,439 Tiffany Squares,Robertbury,NJ,42059,ZA
1N737GN598,Jason,Morales,001-296-876-3090x8801,jason.morales@fake_domain.com,752 Charles Streets,East Dean,CT,34349,BI
Q2XEBTV655,James,Huff,(537)427-5174x0102,james.huff@fake_domain.com,9557 Cody Fields,Buchananton,KS,65349,ET
PWO2MDRTZM,April,Olsen,295.893.4817x391,april.olsen@fake_domain.com,2386 Dyer Streets Suite 684,Amyville,IL,20276,KE
5YVF0HX48M,Brandi,Blevins,827.467.9573x972,brandi.blevins@fake_domain.com,13274 Turner Glens,South Michelle,DE,83314,RU
QWSPC5UJMI,Adam,Vargas,+1-728-970-9226x73188,adam.vargas@fake_domain.com,5953 Kimberly Rue Suite 377,Jensenfort,RI,02214,GM
6RH66T9V29,Joshua,Downs,001-723-024-5747x60355,joshua.downs@fake_domain.com,4832 Diaz Path Apt. 456,North Davidtown,ID,40876,DM
PJDXGWVZ3A,Trevor,Smith,+1-996-307-7403x19199,trevor.smith@fake_domain.com,037 Wagner Fort Suite 205,South Katherine,WI,57389,IN
KCW8KUQ742,David,Garcia,970-541-6776,david.garcia@fake_domain.com,980 Ramsey Rapid Apt. 145,Tiffanyshire,ME,40207,TW
6U48NF6UPU,Roger,Lin,258-378-5358,roger.lin@fake_domain.com,97760 Leslie Fords,North Derrickborough,NC,12826,LA
04T2QGT3JB,Andrew,Watkins,929.321.8235,andrew.watkins@fake_domain.com,61701 Melissa Square,Earlview,AK,07582,MV
98UAWR5ANB,Latoya,Thomas,+1-403-115-7325x36294,latoya.thomas@fake_domain.com,639 Salazar Hill Apt. 664,New Patricia,IA,55452,TO
336QNKKPXU,Kayla,Robinson,211.155.2268,kayla.robinson@fake_domain.com,31023 Lee Glen Apt. 802,East Michaelland,IN,53743,CU
VGBDQ8WM44,Tony,Williams,(069)666-8653,tony.williams@fake_domain.com,28324 Bryan Stream,Jayburgh,MI,93212,NI
CFX172E55M,Julia,Knight,868.173.2085x463,julia.knight@fake_domain.com,913 Suarez Flat Apt. 719,East Walterhaven,OR,96365,LB
VN3V5DNILG,Ryan,Salas,579.342.9081x1590,ryan.salas@fake_domain.com,6494 Anthony Port,South Laurenfort,VT,66989,TD
F51ZGTXYWM,Jennifer,Woods,237.128.0958x46959,jennifer.woods@fake_domain.com,4360 Daniel Parks Apt. 065,Port Samueltown,UT,35385,NR
DLHSZGPX54,Valerie,Mendez,+1-939-925-9010x404,valerie.mendez@fake_domain.com,49116 Julie View Suite 653,Timhaven,CA,54407,CF
R1E5MHP1AA,Marie,Hubbard,1809488152,marie.hubbard@fake_domain.com,6497 Walker Mountain Apt. 584,Belindaland,TN,93806,SI
HTC5XCX9Q6,Duane,Davis,+1-501-578-5006,duane.davis@fake_domain.com,7728 Keller Port,East Chelsey,ME,19831,CG
VE1D36S8PB,Barbara,Gonzalez,001-252-093-6186x7753,barbara.gonzalez@fake_domain.com,68734 James Extension Suite 099,Johnathanborough,TN,45278,TT
5MSQS3BSV6,Jean,Watts,(798)789-0877x615,jean.watts@fake_domain.com,97696 Smith Hill,Port Brianna,WY,97772,KM
WP6MD6603J,Karen,Bryant,472.722.3914x590,karen.bryant@fake_domain.com,044 Shelton Vista,Tammyport,IL,32282,CD
SOAD01CNSA,Nicolas,Gonzalez,+1-587-879-4773,nicolas.gonzalez@fake_domain.com,77979 Reid Manor Suite 807,Port Eric,WV,70545,PT
8U6UPW3ZOI,Alexis,King,001-326-207-8088x3327,alexis.king@fake_domain.com,815 Reyes Junction,Brittanymouth,NC,87131,SO
UX5WP1T8IU,James,Allen,(203)650-3822x55504,james.allen@fake_domain.com,082 Sawyer Villages,Richardberg,PA,34959,CD
A5Z1LQDIXN,Sarah,Walter,001-930-042-3168x943,sarah.walter@fake_domain.com,039 Shelly Corners Apt. 480,Lake Alexandra,AL,44755,BF
H4Y2069R9U,Paul,Martinez,001-948-734-2473x995,paul.martinez@fake_domain.com,6150 Murray Road,Brownshire,OK,45262,LY
39J677COIK,Emily,Moore,(079)723-9400x0163,emily.moore@fake_domain.com,2351 Goodwin Way Suite 093,Jaredshire,AL,17287,UA
D3WEWOFNQG,Emma,Mcdowell,5537763512,emma.mcdowell@fake_domain.com,49795 Jones Circles,Tonyshire,NE,22150,KI
6THK94FG5B,Ian,Mayer,(420)771-9566x5459,ian.mayer@fake_domain.com,90796 Griffin Row Suite 154,North Michael,KY,14718,BT
YX42F4GJJC,Kimberly,Bautista,446-582-3395x55984,kimberly.bautista@fake_domain.com,523 Jackson Lane Suite 961,Lake Tylertown,HI,37102,TT
Q56XAPPETE,Dana,Rodriguez,001-507-642-5813x2281,dana.rodriguez@fake_domain.com,34811 Williams Lodge Suite 401,Millerview,ME,95156,CF
2RJLYGMET8,Stephanie,Blankenship,(334)813-7701,stephanie.blankenship@fake_domain.com,151 Moss Square Suite 563,New Elizabeth,VA,15783,DO
JOL09FJZ0T,Jeremiah,Spencer,563.883.3583x29769,jeremiah.spencer@fake_domain.com,4980 Mills Hill Apt. 204,Martinfort,VA,54097,TH
TA6NK236SS,Nicholas,Alvarez,313.580.8724,nicholas.alvarez@fake_domain.com,9123 Jones Shoal Apt. 495,Lake Caleb,IA,84202,MD
FF9DIDQCAS,Robert,Jackson,+1-752-763-4123x860,robert.jackson@fake_domain.com,3348 Cruz Road Suite 002,Harperborough,FL,48136,BS
K9UVF46YE4,Judy,Boyle,547.335.6523,judy.boyle@fake_domain.com,890 Jennifer Greens,Barnettview,RI,31513,LA
9UYPD26TOK,Lisa,Mcdowell,553.228.8591,lisa.mcdowell@fake_domain.com,8092 Mack Roads Suite 490,Howeside,NV,51355,BE
9Q9G3TC8H1,Jessica,James,(736)029-7012x9454,jessica.james@fake_domain.com,58224 Walker Common Suite 893,North Adamshire,PA,82835,GE
754SO7LJDE,Javier,Choi,762-650-5109,javier.choi@fake_domain.com,909 Laura Ferry,South Michelle,IL,97374,MN
JXX23HAXEV,Tonya,Brooks,001-956-945-9473,tonya.brooks@fake_domain.com,38794 Christie View Suite 143,West Ronaldtown,VT,65576,MW
VDCXBG6YOR,Christina,Mosley,644-396-3834x63945,christina.mosley@fake_domain.com,39808 Kristie Squares,West Cesarburgh,WY,48373,SE
1VMUWUL9F7,Jessica,Stephens,+1-203-802-7817x6965,jessica.stephens@fake_domain.com,118 Neal Village,North Lisa,SC,96528,SV
X21FTWA4WP,Tyrone,Cunningham,+1-222-766-9691,tyrone.cunningham@fake_domain.com,59142 Deborah Fort,West Teresaton,AR,65528,MM
RS2CAWY3US,Brianna,Hawkins,+1-007-197-5420x671,brianna.hawkins@fake_domain.com,3334 Alice Square Suite 640,Port Larryhaven,CA,89059,VN
6SM3DTRQIG,Stephanie,Holt,894-517-4898,stephanie.holt@fake_domain.com,900 Katherine Path,Johnburgh,DE,80628,PW
ECRUGRIQVU,Amy,Hernandez,(759)410-5175x33814,amy.hernandez@fake_domain.com,93074 Rogers Path Apt. 291,Munozburgh,NJ,93762,MK
Z8J2DGBV50,Tamara,Goodman,058-957-0118x6659,tamara.goodman@fake_domain.com,2033 Jason Cove Apt. 271,Lorifort,GA,42344,SK
S3PLZD7VC6,Emily,Wright,081-262-1723x08669,emily.wright@fake_domain.com,024 Graham Crescent Apt. 307,Garrettbury,NH,57731,ER
2EE5GO4W3A,Leroy,Soto,+1-595-214-0211x95866,leroy.soto@fake_domain.com,89375 Sarah Summit,West Jill,CA,65366,VE
YS29F765SC,Ronnie,Gonzalez,+1-281-861-5235,ronnie.gonzalez@fake_domain.com,3621 Elizabeth Harbors,Barbaraside,SC,33680,KN
135JGVFYXM,Holly,Long,768.281.6275x9093,holly.long@fake_domain.com,5679 Kirk Glen Suite 735,West Zacharyland,OH,79090,BY
KHWMIGHNCR,Teresa,Farley,888-250-4253x5518,teresa.farley@fake_domain.com,4231 Wallace Field,Port Joshuachester,TX,65367,GA
DYI05ZZ985,Timothy,Reed,263.697.4801,timothy.reed@fake_domain.com,533 Veronica Fields Suite 043,Mcphersonbury,KS,78454,MR
WJS93BWZ5H,Jordan,Martinez,883-153-9600,jordan.martinez@fake_domain.com,37095 Knight Lights,Port Matthewbury,MT,11152,PT
35QAB5AR37,John,Sparks,+1-964-855-6740,john.sparks@fake_domain.com,68719 Miller Circles Apt. 846,Port James,ME,40185,KW
H05X8STE2N,Stephanie,Miles,001-591-038-1994,stephanie.miles@fake_domain.com,700 Heidi Mount Apt. 243,West Amyfort,UT,96698,PL
1MU4KLM4WK,Matthew,Brown,056.539.1002,matthew.brown@fake_domain.com,06694 Ramsey Branch,New Michelle,VA,09553,RO
H6S7WNX1PL,David,Crawford,(542)870-7443x23593,david.crawford@fake_domain.com,329 Davis Rapids,Hartmanmouth,VA,08143,KZ
MFUJ6DBMZK,Joseph,Brown,605.705.6071x680,joseph.brown@fake_domain.com,00338 Leslie Divide Apt. 029,South Kevinburgh,WI,79825,RO
WLVP3NBT1J,Jacob,Davis,+1-504-030-5581,jacob.davis@fake_domain.com,7107 Tina Fort Suite 990,South Michael,CO,13085,ZA
CAKNOCMIKF,Christine,James,538-346-6182,christine.james@fake_domain.com,406 Steven Meadows,Shepardfort,MO,49652,SG
LKZCHPIS49,Alicia,Smith,141.969.9671,alicia.smith@fake_domain.com,39984 Miller Mountains Apt. 903,Lorihaven,MN,03856,BS
BJ93CYS7O6,Emily,Conley,(636)220-2586x597,emily.conley@fake_domain.com,87650 Marco Knolls Suite 695,Robertbury,FL,69805,CF
H1AZ7J5D6S,Lawrence,Lewis,502-063-3040x260,lawrence.lewis@fake_domain.com,2220 Livingston Garden,Meyersshire,WI,90466,MH
04HO8VWR9K,Tabitha,Ramirez,001-241-649-7674,tabitha.ramirez@fake_domain.com,6316 Adrian Harbors,South Patrickbury,IL,92404,LS
JCG9AIOOJ3,Joseph,Walls,470.423.1995,joseph.walls@fake_domain.com,0916 Nicholas Knolls Apt. 410,West Gregoryland,NY,92520,AE
X3LKVAH5BE,Justin,Carrillo,001-843-821-4506x941,justin.carrillo@fake_domain.com,077 Ian Course Suite 311,Cortezport,IN,89745,HR
RGRR8DFDX2,David,Bennett,(581)944-2933,david.bennett@fake_domain.com,0379 Xavier Station Suite 204,Port Laurenhaven,FL,02593,LT
RWX2C9S1BO,Miranda,Knox,+1-782-696-0331,miranda.knox@fake_domain.com,5876 Samantha Meadows,Perezport,WA,32456,MW
JZJHZBX9GD,Danielle,Miller,947.912.5203x96443,danielle.miller@fake_domain.com,54197 Thomas Centers Suite 672,Lake Yvette,OR,79522,ZM
05N28JXZDH,Abigail,Brown,340-787-8709,abigail.brown@fake_domain.com,37833 Ryan Avenue Suite 180,New Joyburgh,IA,03906,CH
WSWO0H5BO5,Kelly,Patterson,2519879656,kelly.patterson@fake_domain.com,30617 Doyle Meadows,Melissaburgh,ME,00973,TH
ZVG5PNE8O9,Jacqueline,Fox,(259)083-5467x2718,jacqueline.fox@fake_domain.com,1047 Smith Ridge Suite 586,Smithmouth,KS,67476,ST
TS6FMSAZM8,Joe,Farley,(077)097-5369x72689,joe.farley@fake_domain.com,84539 Horn Via,East Nataliefurt,VA,52161,SC
H9GD7J0PW8,Paul,Koch,(394)988-5591x621,paul.koch@fake_domain.com,41214 Bryan Road Apt. 373,Lake Kendra,NE,43873,AF
DNHQQSKU29,Brian,Flynn,001-318-455-0584x7044,brian.flynn@fake_domain.com,912 Blair Expressway Suite 650,Samanthaside,CO,12585,BZ
NKU39IANYY,Melissa,Lara,+1-762-084-3465x06764,melissa.lara@fake_domain.com,88755 Maria Divide,West Lucasshire,WA,16862,LI
REIQPNGOB9,Dustin,Clark,412-363-5599,dustin.clark@fake_domain.com,0827 Patricia Causeway Suite 515,Port Christineville,OH,13514,CN
TQ90N58QRR,John,Perry,2190964173,john.perry@fake_domain.com,7545 Graham Summit Apt. 116,Port Frank,NV,33705,TH
I9TVN1P15X,Derek,Yoder,526-926-8815,derek.yoder@fake_domain.com,18810 Craig Flats,Wagnerland,NE,41280,BZ
M9BJA9VKFZ,Robert,Wood,569-411-1854,robert.wood@fake_domain.com,8681 Shane Pine,Lake Aprilbury,MT,88751,ZW
HF6V28SD33,Darrell,Olson,(629)178-6941,darrell.olson@fake_domain.com,8028 John Trail,South Danielton,WY,92346,DK
N5GHKN5CQ9,Tracy,Myers,(831)003-0636,tracy.myers@fake_domain.com,690 Charles Port,Riveramouth,UT,59006,MD
P4YX5DF0PV,Bryan,Howell,(626)536-1329,bryan.howell@fake_domain.com,4187 Theresa Keys,Saundersmouth,WA,75169,CY
DKLEZDNIP3,Billy,White,(895)547-8059x43338,billy.white@fake_domain.com,62154 Felicia Squares Suite 474,Mariatown,TX,21909,SY
MCCFPF9UVV,Robert,Martinez,(857)754-7326,robert.martinez@fake_domain.com,2538 Deborah Trail,New Brent,MT,58378,VU
OJVBYXRRGO,Alicia,Perkins,+1-173-127-6347,alicia.perkins@fake_domain.com,91902 Lucas Ridge,Williamland,WY,72684,TH
ZIMSGGUWNL,Ronnie,Gonzalez,001-617-984-2825,ronnie.gonzalez@fake_domain.com,997 Cheryl Parks Suite 061,Lake Priscilla,KY,46811,LY
LYT1BFTM6D,Ryan,James,483-403-5351x2991,ryan.james@fake_domain.com,8057 Ruiz Mountain,Port Shawn,AK,49295,RO
XRSIDTQY2N,Peter,Collins,+1-344-083-4551x60109,peter.collins@fake_domain.com,04094 Ashley Rue Apt. 257,Andersonport,UT,21171,CG
UIYSUFHEIE,Sara,Warner,2939890508,sara.warner@fake_domain.com,7631 Watson Hollow Suite 950,East Mariafort,WI,27854,SL
4FGJD9CVK1,Jonathan,Harvey,(144)656-8662,jonathan.harvey@fake_domain.com,4188 Sean Shoals,Evansshire,AL,55550,PG
HH8T3RR3DO,Ryan,Spence,807-918-1069x54341,ryan.spence@fake_domain.com,9030 Richardson Plains,Camachoton,KY,30181,AD
RAUU1EQ6DE,Nicholas,Pratt,611.578.0018x38913,nicholas.pratt@fake_domain.com,1621 Reid Wells,West Paulatown,AL,91065,DO
XH25PEAOLK,Kenneth,Suarez,(530)609-5186,kenneth.suarez@fake_domain.com,8686 Walker Extensions,Hunterstad,VT,50851,IT
5ACRQC4EGV,Annette,Harrison,731-569-8965x130,annette.harrison@fake_domain.com,5437 Sean Well,East Jocelyn,ND,29050,PW
6G5TBJPB0E,Juan,Hernandez,929-623-5499x1221,juan.hernandez@fake_domain.com,3960 Eaton Burg,South Jason,WA,26243,GR
OIZP68WHUW,Jennifer,Morales,8970346795,jennifer.morales@fake_domain.com,3519 Bennett Vista Apt. 006,Kyleton,VA,47079,MT
9NPZR6930W,William,Snyder,856.317.6003x38416,william.snyder@fake_domain.com,23195 Scott Station,Longport,KY,38759,ME
JT29T7HW5G,Tonya,Whitehead,(343)516-2237,tonya.whitehead@fake_domain.com,73591 Kim Vista Apt. 085,Tabithaburgh,MA,24553,DK
TB81GGOQKU,Reginald,Sutton,842-474-0491,reginald.sutton@fake_domain.com,5368 Hernandez Spurs,Ryanberg,LA,87961,ZM
DS7RMVZCUK,Larry,Jacobs,744-707-6780x7051,larry.jacobs@fake_domain.com,5368 Kathy Islands,Toddchester,TN,26620,YE
IXXSVKB0SN,Peter,Chavez,001-681-139-6093x476,peter.chavez@fake_domain.com,246 Christina Mountains Suite 568,North Cherylshire,MT,11852,KI
Y4X9HG53NF,Christopher,Mays,+1-152-090-3067x73490,christopher.mays@fake_domain.com,1192 Wheeler Forest Suite 653,Lake Stephanie,CT,38966,HR
QXVO7SM5CQ,Christy,Jones,001-760-745-1990x2588,christy.jones@fake_domain.com,74106 Edwards Curve Apt. 131,Tannerhaven,ME,35286,IL
21DHW37GLN,Heather,Wells,001-162-877-3122x63080,heather.wells@fake_domain.com,8759 Jenny Street,South Ronaldstad,CT,79901,LB
SYYDQVLV8S,James,Hall,001-422-492-6373x414,james.hall@fake_domain.com,0691 Yang Rest,Schneiderchester,TX,18312,TL
MSX1977638,Jessica,Cobb,(333)346-0695,jessica.cobb@fake_domain.com,49725 Laurie Trace,Johnview,TX,78469,MH
PZ765QZF5R,Sara,Townsend,+1-171-949-9191x652,sara.townsend@fake_domain.com,31812 Jonathan Isle Suite 737,West Roger,IL,25335,SG
J3VOWI3L1X,Heather,Todd,751.664.0220x72282,heather.todd@fake_domain.com,69892 Devin Viaduct,Lopezfurt,NC,42833,CV
AV46LD77LO,Jeffrey,Bishop,601.503.3837x49209,jeffrey.bishop@fake_domain.com,30598 Quinn Shoals,Daytown,DE,70296,PE
ZZN6KBC20Y,Robert,Heath,+1-692-006-2273x8943,robert.heath@fake_domain.com,10824 Allen Junction,South Kim,MN,07122,CI
79KX94Y6U2,Nathan,Martin,1629627491,nathan.martin@fake_domain.com,112 William Center,North Heather,KY,89063,SV
JMTRMKVW38,Jennifer,Alvarez,449-439-6159x917,jennifer.alvarez@fake_domain.com,8537 Stephens Dale Suite 653,East Kimberly,IN,04537,TM
5K9DLBTA8W,David,Edwards,+1-502-965-2830x9746,david.edwards@fake_domain.com,10316 Heather Port Suite 318,Longville,NH,74811,JO
SODQ4FF7YI,Melissa,Parker,(756)809-5621,melissa.parker@fake_domain.com,368 Hall Viaduct Suite 061,East Kyliefort,AR,82726,SG
ZZMFKWN47D,Abigail,Butler,001-367-929-1740x30048,abigail.butler@fake_domain.com,72165 Miller Branch,Scottburgh,MS,33029,UG
F1Y58CA6UV,Alejandro,Haynes,432.457.4887,alejandro.haynes@fake_domain.com,8903 Hill Turnpike Suite 342,West Tiffanychester,NJ,38060,BN
2JSZURIWO8,Derrick,Lee,414.512.8870x703,derrick.lee@fake_domain.com,342 Ryan Lakes Suite 252,Howardton,VA,78488,AR
E1RAN7JL40,Linda,Cabrera,838-194-8461x5250,linda.cabrera@fake_domain.com,34757 Lisa Summit Apt. 323,Melissahaven,ID,04328,CY
