employee_id,first_name,last_name,email,department_no,job_title
3UXKV6LL3M,Toni,Mcfarland,toni.mcfarland@fake_domain.com,1004,project manager
QRV7Q2NYM7,Isabel,Padilla,isabel.padilla@fake_domain.com,1004,accountant
YIKK5OTW09,John,Thompson,john.thompson@fake_domain.com,1004,human resources
P19ET4ONL6,Tyler,Whitaker,tyler.whitaker@fake_domain.com,1005,consultant
R2GXFR6NPJ,Steven,Jones,steven.jones@fake_domain.com,1002,marketing assistant
OTXYTIG8KK,Pamela,Brown,pamela.brown@fake_domain.com,1005,data analyst
KRYS9V8B2J,Caitlyn,Hardy,caitlyn.hardy@fake_domain.com,1005,consultant
4RR7BY9WR8,Phyllis,Wallace,phyllis.wallace@fake_domain.com,1005,consultant
DJE4I1AYUO,Jacob,Brock,jacob.brock@fake_domain.com,1004,project manager
CMRHIED5KO,John,Herrera,john.herrera@fake_domain.com,1002,brand ambassador
S1XMCMM4NF,Michael,Norris,michael.norris@fake_domain.com,1004,accountant
7YO7RRFK5M,Renee,Barrett,renee.barrett@fake_domain.com,1002,marketing assistant
LV5L6QWQIT,Lauren,Morrison,lauren.morrison@fake_domain.com,1005,R&D
5IW6FI2942,Eric,Snyder,eric.snyder@fake_domain.com,1001,sales consultant
58ZBWJF2KJ,Thomas,Benson,thomas.benson@fake_domain.com,1001,salesperson
JONIX56E1Q,Michael,Shepard,michael.shepard@fake_domain.com,1001,salesperson
P0OWG4JEC1,Timothy,Hampton,timothy.hampton@fake_domain.com,1005,business intelligence analyst
TY7856NJNX,Maurice,Jones,maurice.jones@fake_domain.com,1005,R&D
Q0KTFOR9MY,Tony,Thomas,tony.thomas@fake_domain.com,1001,account executive
AFA5P7LQHY,Andrea,Grant,andrea.grant@fake_domain.com,1003,web developer
Z23QDB2VMT,William,Allen,william.allen@fake_domain.com,1003,web developer
84FF5XJ9UX,Michael,Macias,michael.macias@fake_domain.com,1004,human resources
AMN2Q92A5G,Dale,Scott,dale.scott@fake_domain.com,1002,SEO specialist
DR5NQ1KODM,Mark,Hartman,mark.hartman@fake_domain.com,1004,human resources
WQ3GSXU1NM,Theresa,Lambert,theresa.lambert@fake_domain.com,1002,SEO specialist
O28Y5I2273,Adam,Barnett,adam.barnett@fake_domain.com,1001,account representative
W5JUHWRPID,Xavier,Larson,xavier.larson@fake_domain.com,1001,account executive
U1BV9L75M2,Brittany,Charles,brittany.charles@fake_domain.com,1001,salesperson
ZAHOVZBKNS,Steven,Hancock,steven.hancock@fake_domain.com,1004,accountant
R1IOIBTN8J,Evan,Page,evan.page@fake_domain.com,1001,sales consultant
5TO8UJV5UF,Jacqueline,Montoya,jacqueline.montoya@fake_domain.com,1003,solutions architect
CT3J6QKJZ2,Michael,Oconnor,michael.oconnor@fake_domain.com,1005,data analyst
LW2GI9XVFF,Matthew,White,matthew.white@fake_domain.com,1001,account representative
RKQTZYJNNR,Jasmine,White,jasmine.white@fake_domain.com,1001,account representative
W3SSE2Q2CN,Christopher,Allen,christopher.allen@fake_domain.com,1003,solutions architect
I1F75H4RIH,Jennifer,Hall,jennifer.hall@fake_domain.com,1005,R&D
9QP9OGI633,Adam,Hudson,adam.hudson@fake_domain.com,1004,accountant
LLA24T58L6,Austin,Wagner,austin.wagner@fake_domain.com,1003,web developer
ZD0X46KJCB,Miranda,Yates,miranda.yates@fake_domain.com,1002,marketing assistant
GD4HAPTH4W,Julie,Turner,julie.turner@fake_domain.com,1005,consultant
CNELLEMIG5,Matthew,Russell,matthew.russell@fake_domain.com,1003,service desk engineer
XZAJ0WRB8T,Angela,Williams,angela.williams@fake_domain.com,1003,service desk engineer
GXE5TTJ1OA,Robert,Hamilton,robert.hamilton@fake_domain.com,1005,consultant
RJMZFS3P4B,Sandra,Spencer,sandra.spencer@fake_domain.com,1005,business intelligence analyst
J5XJ2O0PI4,Michael,Lara,michael.lara@fake_domain.com,1003,web developer
ZHSYBUYEGN,Toni,Hurst,toni.hurst@fake_domain.com,1004,human resources
0KODLEYQV6,Trevor,Keller,trevor.keller@fake_domain.com,1003,web developer
JFWEUPWYWL,Calvin,Smith,calvin.smith@fake_domain.com,1003,web developer
9BZSO47KXU,Tamara,Brown,tamara.brown@fake_domain.com,1002,SEO specialist
YMYGO1JHKS,John,Haynes,john.haynes@fake_domain.com,1001,salesperson
8EYGOC97WP,Christopher,Mendoza,christopher.mendoza@fake_domain.com,1005,consultant
PTO8TF7E53,Joseph,Contreras,joseph.contreras@fake_domain.com,1004,project manager
NNRKNUL03C,Lawrence,Vazquez,lawrence.vazquez@fake_domain.com,1004,business analyst
KGXZJME26C,Jennifer,Jensen,jennifer.jensen@fake_domain.com,1002,SEO specialist
FJ794RAS8F,Katie,Carter,katie.carter@fake_domain.com,1002,marketing assistant
JZC97PZ75B,Nicole,Long,nicole.long@fake_domain.com,1001,account representative
2FC7PMYFIQ,Dennis,Moore,dennis.moore@fake_domain.com,1004,project manager
8UPNXUFJXR,Joshua,Valdez,joshua.valdez@fake_domain.com,1004,human resources
XUJZJTEON0,Jacob,Campbell,jacob.campbell@fake_domain.com,1004,human resources
EHSXM1PG3X,Michelle,Johnson,michelle.johnson@fake_domain.com,1002,SEO specialist
OWX83NJZSU,Alexis,Oconnor,alexis.oconnor@fake_domain.com,1003,service desk engineer
GAADA6KOZX,Michael,Taylor,michael.taylor@fake_domain.com,1001,salesperson
CHIEHBSW19,Beth,Douglas,beth.douglas@fake_domain.com,1004,project manager
CWFNUNAPMR,Jasmine,Garza,jasmine.garza@fake_domain.com,1004,accountant
H5A5OZOCOT,Sean,Andersen,sean.andersen@fake_domain.com,1003,web developer
PZK1V9AEL1,Marcus,Foster,marcus.foster@fake_domain.com,1005,data analyst
AP1EABWZV8,Ellen,Blackwell,ellen.blackwell@fake_domain.com,1003,service desk engineer
MT7ZXH1ZDQ,Rebecca,Brown,rebecca.brown@fake_domain.com,1003,solutions architect
SDON1FD8FM,Richard,Brewer,richard.brewer@fake_domain.com,1004,human resources
AO7VZ9XH4H,William,Johnson,william.johnson@fake_domain.com,1003,web developer
AGDCNBX3WH,Paula,Olson,paula.olson@fake_domain.com,1001,account representative
Y2EHR7O1YQ,Joshua,Young,joshua.young@fake_domain.com,1002,social media manager
S1BVJKZP03,David,Lee,david.lee@fake_domain.com,1002,marketing assistant
YKVQYQ4WSW,Timothy,Roberts,timothy.roberts@fake_domain.com,1004,human resources
F3RDQYM9JX,Jessica,Foster,jessica.foster@fake_domain.com,1002,marketing assistant
N5RH9UQ7QR,Richard,Warren,richard.warren@fake_domain.com,1004,project manager
R4ZUWZGE1P,James,Curtis,james.curtis@fake_domain.com,1003,network engineer
TRY0FBV48H,Rachel,Hamilton,rachel.hamilton@fake_domain.com,1004,human resources
2AMGXCUX00,Ralph,Owens,ralph.owens@fake_domain.com,1001,salesperson
P64F0L1U1N,Andrew,Johns,andrew.johns@fake_domain.com,1004,accountant
3AQ82DUWL1,Erin,Grimes,erin.grimes@fake_domain.com,1005,business intelligence analyst
8LNY9KC6IM,Randy,Black,randy.black@fake_domain.com,1004,business analyst
5ST7W3LGXH,Craig,Peters,craig.peters@fake_domain.com,1001,salesperson
0S9FNO23YG,Megan,Padilla,megan.padilla@fake_domain.com,1002,brand ambassador
6ZIR5645Z8,Emma,Robinson,emma.robinson@fake_domain.com,1003,network engineer
BY7BQ4Y43C,Rachel,Johnson,rachel.johnson@fake_domain.com,1004,business analyst
CG8U9JHFNM,Tina,Pittman,tina.pittman@fake_domain.com,1001,sales consultant
5UB99FZXJY,Jonathan,White,jonathan.white@fake_domain.com,1003,service desk engineer
VZ6UJ0PSGV,Joshua,Lopez,joshua.lopez@fake_domain.com,1004,business analyst
NMF30GSUR7,Kyle,Walsh,kyle.walsh@fake_domain.com,1003,data engineer
NCST8WR87W,John,Davis,john.davis@fake_domain.com,1002,social media manager
3HWONV7QDI,Eric,Hill,eric.hill@fake_domain.com,1002,SEO specialist
OCKY0AB6DD,Joshua,Bishop,joshua.bishop@fake_domain.com,1005,business intelligence analyst
43ZPFPC5HW,Patricia,Walker,patricia.walker@fake_domain.com,1001,sales consultant
HI1SEEBVMU,Robert,Moore,robert.moore@fake_domain.com,1004,human resources
UHLN6564N6,Taylor,Wright,taylor.wright@fake_domain.com,1005,R&D
9ZWO3SGHWW,Ashley,Oliver,ashley.oliver@fake_domain.com,1002,brand ambassador
IJ5IVSPE5G,Gregory,Duffy,gregory.duffy@fake_domain.com,1004,project manager
KADMW146NC,Ann,Lopez,ann.lopez@fake_domain.com,1003,data engineer
F4EHP47FON,Richard,George,richard.george@fake_domain.com,1003,service desk engineer
4971TOLEQ3,Angela,Williams,angela.williams@fake_domain.com,1001,account executive
RVFWDR9W4V,Melissa,Williams,melissa.williams@fake_domain.com,1005,data analyst
D5WFVTP7PT,Brenda,Johnson,brenda.johnson@fake_domain.com,1004,project manager
EUKH3XJ5X2,Patricia,Mitchell,patricia.mitchell@fake_domain.com,1005,R&D
4CSALQSL6Z,Karen,Walters,karen.walters@fake_domain.com,1004,accountant
CU89LM23QZ,Cynthia,Reyes,cynthia.reyes@fake_domain.com,1003,service desk engineer
XF17SJIRRL,James,Walton,james.walton@fake_domain.com,1002,marketing assistant
TXEB85MZ4Q,Amanda,Burnett,amanda.burnett@fake_domain.com,1001,sales consultant
K0L1LI0L5L,Robert,Young,robert.young@fake_domain.com,1004,human resources
ZMYAAESALN,Joe,Berry,joe.berry@fake_domain.com,1001,salesperson
B9W3T7A2XD,Ian,Miller,ian.miller@fake_domain.com,1004,accountant
BS9EBONM5X,Michele,Smith,michele.smith@fake_domain.com,1003,service desk engineer
SEM4GQ1EFX,Anne,Todd,anne.todd@fake_domain.com,1004,business analyst
S3P9GPTC03,Gina,Gonzales,gina.gonzales@fake_domain.com,1004,project manager
NNI2FDTIBQ,Randall,Lewis,randall.lewis@fake_domain.com,1003,network engineer
HVZNQ0M02T,Kathy,Hall,kathy.hall@fake_domain.com,1003,web developer
Y3X51V2NF4,Kelly,Williams,kelly.williams@fake_domain.com,1003,data engineer
JIVVVJZJ0P,Alan,Rosales,alan.rosales@fake_domain.com,1003,data engineer
GS184V810N,Katie,Hernandez,katie.hernandez@fake_domain.com,1005,consultant
SXG9TD2CV3,Tammy,Lewis,tammy.lewis@fake_domain.com,1004,business analyst
LNEEYTOEQQ,John,Patterson,john.patterson@fake_domain.com,1003,data engineer
T0ZOAI1QOM,Andrea,Pineda,andrea.pineda@fake_domain.com,1004,business analyst
K4PTCUKSEE,Karen,Martinez,karen.martinez@fake_domain.com,1001,account executive
4FLSFZ1NLH,Christian,Coleman,christian.coleman@fake_domain.com,1004,business analyst
B55B7UI30K,Ashlee,Brady,ashlee.brady@fake_domain.com,1003,service desk engineer
DQ60V7ZTRJ,Grace,Luna,grace.luna@fake_domain.com,1004,business analyst
R7E6RM4UC1,Lisa,Clarke,lisa.clarke@fake_domain.com,1005,business intelligence analyst
7SLWLH2YUB,Kyle,Beasley,kyle.beasley@fake_domain.com,1004,project manager
PT1I52JMGN,Joseph,Adams,joseph.adams@fake_domain.com,1005,business intelligence analyst
6WM6SP054Z,Nancy,Lane,nancy.lane@fake_domain.com,1001,sales consultant
DT72M4Y6OH,Robert,Chan,robert.chan@fake_domain.com,1004,human resources
8TE2WWBWT4,Gregory,Kelly,gregory.kelly@fake_domain.com,1003,solutions architect
XUQCRU88VA,Barbara,Campbell,barbara.campbell@fake_domain.com,1004,accountant
W1R555L4RP,Katherine,Garrett,katherine.garrett@fake_domain.com,1004,business analyst
14U53K00ZT,William,Olson,william.olson@fake_domain.com,1001,salesperson
150AJRKBA3,Michelle,Howard,michelle.howard@fake_domain.com,1001,account representative
JOC6EJPTOJ,Alicia,Manning,alicia.manning@fake_domain.com,1002,content specialist
JDE7E7SNAB,Victor,Rodriguez,victor.rodriguez@fake_domain.com,1004,business analyst
W8G8MNI36L,Jennifer,Wright,jennifer.wright@fake_domain.com,1002,brand ambassador
Y7TLJHAMMZ,Tara,Rivera,tara.rivera@fake_domain.com,1003,solutions architect
B41N2HR0VF,Michael,Mercer,michael.mercer@fake_domain.com,1001,salesperson
TR2NHRWXCE,Renee,Hensley,renee.hensley@fake_domain.com,1004,business analyst
2GH9VGW2OO,Robert,Cunningham,robert.cunningham@fake_domain.com,1004,business analyst
SY6T28NM76,Randall,Rosario,randall.rosario@fake_domain.com,1005,data analyst
A5T19K5I7L,Jennifer,Lin,jennifer.lin@fake_domain.com,1004,accountant
IHNLKD46AH,Joseph,Huang,joseph.huang@fake_domain.com,1005,consultant
E5BK05VVKB,Brian,Valenzuela,brian.valenzuela@fake_domain.com,1004,human resources
CMIWL7SLNP,Lauren,Mays,lauren.mays@fake_domain.com,1004,business analyst
TYCSZTMYOD,Kristie,Smith,kristie.smith@fake_domain.com,1002,social media manager
UMJF3970NA,Katelyn,Horton,katelyn.horton@fake_domain.com,1004,business analyst
31JKDA6P97,Autumn,Hunt,autumn.hunt@fake_domain.com,1005,R&D
6EO791AV73,Jackson,Rodriguez,jackson.rodriguez@fake_domain.com,1003,web developer
UIP1XOIUD4,Edward,Swanson,edward.swanson@fake_domain.com,1004,human resources
6IHQOJTDT6,Kathleen,Woods,kathleen.woods@fake_domain.com,1003,solutions architect
B8BPYI9JZE,Leah,Sloan,leah.sloan@fake_domain.com,1002,social media manager
A1BC7G9EAE,Kevin,Gonzalez,kevin.gonzalez@fake_domain.com,1003,web developer
PIZGH0W96L,Anthony,Underwood,anthony.underwood@fake_domain.com,1003,solutions architect
VW84ADNT6E,Hannah,Barnes,hannah.barnes@fake_domain.com,1002,brand ambassador
Q4VWQMALCG,Andrea,Brown,andrea.brown@fake_domain.com,1004,project manager
QPRDWJHB1G,Keith,Lee,keith.lee@fake_domain.com,1001,sales consultant
AC72G9I8E7,Mary,Allen,mary.allen@fake_domain.com,1001,account representative
QL7SRJLPQQ,Angela,Lewis,angela.lewis@fake_domain.com,1004,business analyst
PBR1VML67N,Bridget,Kennedy,bridget.kennedy@fake_domain.com,1003,network engineer
889D74JJOA,Melissa,Gonzalez,melissa.gonzalez@fake_domain.com,1005,data analyst
IBP75HV7SQ,Tracy,Wagner,tracy.wagner@fake_domain.com,1002,brand ambassador
7ZHD8W4JYX,Jeff,Smith,jeff.smith@fake_domain.com,1002,brand ambassador
75NSCPIT1J,David,Miller,david.miller@fake_domain.com,1005,R&D
CJMTOZ1HXP,Shannon,Howell,shannon.howell@fake_domain.com,1003,service desk engineer
CYJN4UJK6F,Jeremy,Williams,jeremy.williams@fake_domain.com,1005,data analyst
UC46D42PBE,Paul,Davidson,paul.davidson@fake_domain.com,1001,account executive
XBXAGOX7F1,Kristen,Harrison,kristen.harrison@fake_domain.com,1001,account executive
26W8T8FI7R,Michael,Franco,michael.franco@fake_domain.com,1001,account executive
YL8YC467AN,Donna,Ware,donna.ware@fake_domain.com,1002,content specialist
SWGGL7KVVP,James,Ware,james.ware@fake_domain.com,1001,account representative
PKT69W53LU,James,Barnes,james.barnes@fake_domain.com,1003,service desk engineer
U2BMBWNCPF,Jennifer,Oneill,jennifer.oneill@fake_domain.com,1003,network engineer
40B4BRQDVD,Gregory,Salas,gregory.salas@fake_domain.com,1003,solutions architect
NNQ9Z5ZY46,Laura,Price,laura.price@fake_domain.com,1003,service desk engineer
RJMC45NGON,Kathy,Farrell,kathy.farrell@fake_domain.com,1002,content specialist
1DE28AUVQZ,Kristin,Barnett,kristin.barnett@fake_domain.com,1005,consultant
8SER3R31KT,Janice,Morgan,janice.morgan@fake_domain.com,1001,salesperson
9LIR606I0V,Kim,Scott,kim.scott@fake_domain.com,1002,SEO specialist
TOGYH44WU4,Phillip,Moore,phillip.moore@fake_domain.com,1005,consultant
7V4Y5VTAMK,Jorge,Hill,jorge.hill@fake_domain.com,1004,business analyst
C6T2QJXUIQ,Rachel,Terrell,rachel.terrell@fake_domain.com,1002,content specialist
TFZKZGIKKW,Angela,Fletcher,angela.fletcher@fake_domain.com,1005,consultant
VU29QA4635,Jennifer,Benitez,jennifer.benitez@fake_domain.com,1002,marketing assistant
K3SQHOCJSN,Tonya,Padilla,tonya.padilla@fake_domain.com,1004,accountant
6UQ5ZXG9O3,Karen,Williams,karen.williams@fake_domain.com,1002,marketing assistant
VKXOTIL0T9,Tyrone,Wallace,tyrone.wallace@fake_domain.com,1004,accountant
LU4B5EXA39,Jeffrey,Madden,jeffrey.madden@fake_domain.com,1003,service desk engineer
M5UML2WE6F,Andrea,Douglas,andrea.douglas@fake_domain.com,1001,account executive
IIUSJ4IZBP,Brian,Brady,brian.brady@fake_domain.com,1005,data analyst
QVWZ35BLHY,Tasha,Perez,tasha.perez@fake_domain.com,1001,sales consultant
GJ9EWDB27Y,Keith,Johns,keith.johns@fake_domain.com,1004,human resources
NRBNNAGHFN,Alejandro,Rose,alejandro.rose@fake_domain.com,1003,web developer
IHVULBGNL3,Susan,Cooper,susan.cooper@fake_domain.com,1004,business analyst
G8J99EZPIY,Linda,Smith,linda.smith@fake_domain.com,1003,network engineer
SVP0337G7Y,Sheila,Sims,sheila.sims@fake_domain.com,1004,business analyst
UCCH11AN5Q,Tina,Erickson,tina.erickson@fake_domain.com,1002,content specialist
